msg_id,device_id,msg_type,t_sensor_ms,t_pc_rx_ms,t_proc_start_ms,t_proc_end_ms,t_db_enqueue_ms,t_dashboard_emit_ms,deadline_ms,avi_ms,notes
,,telemetry,,1769621342836,1769621342837,1769621342837,1769621342837,1769621342837,300,5000,ok
,,status,,1769621342866,1769621342866,1769621342866,1769621342866,1769621342866,300,5000,ok
,,telemetry,,1769621347838,1769621347838,1769621347838,1769621347838,1769621347838,300,5000,ok
,,status,,1769621347868,1769621347868,1769621347868,1769621347868,1769621347868,300,5000,ok
,,telemetry,,1769621352839,1769621352839,1769621352839,1769621352839,1769621352839,300,5000,ok
,,status,,1769621352866,1769621352866,1769621352866,1769621352866,1769621352866,300,5000,ok
,,telemetry,,1769621357839,1769621357839,1769621357839,1769621357839,1769621357839,300,5000,ok
,,status,,1769621357876,1769621357876,1769621357876,1769621357876,1769621357876,300,5000,ok
,,telemetry,,1769621362838,1769621362838,1769621362838,1769621362838,1769621362838,300,5000,ok
,,status,,1769621362867,1769621362867,1769621362867,1769621362867,1769621362867,300,5000,ok
,,telemetry,,1769621367841,1769621367841,1769621367841,1769621367841,1769621367841,300,5000,ok
,,status,,1769621367866,1769621367866,1769621367866,1769621367866,1769621367866,300,5000,ok
,,telemetry,,1769621372840,1769621372841,1769621372841,1769621372841,1769621372841,300,5000,ok
,,status,,1769621372871,1769621372872,1769621372872,1769621372872,1769621372872,300,5000,ok
,,telemetry,,1769621377838,1769621377838,1769621377838,1769621377838,1769621377838,300,5000,ok
,,status,,1769621377866,1769621377866,1769621377866,1769621377866,1769621377866,300,5000,ok
,,telemetry,,1769621382839,1769621382839,1769621382839,1769621382839,1769621382839,300,5000,ok
,,status,,1769621382868,1769621382868,1769621382868,1769621382868,1769621382868,300,5000,ok
,,telemetry,,1769621387842,1769621387843,1769621387843,1769621387843,1769621387843,300,5000,ok
,,status,,1769621387866,1769621387866,1769621387866,1769621387866,1769621387866,300,5000,ok
,,telemetry,,1769621392858,1769621392858,1769621392858,1769621392858,1769621392858,300,5000,ok
,,status,,1769621392876,1769621392876,1769621392876,1769621392876,1769621392876,300,5000,ok
,,telemetry,,1769621397856,1769621397856,1769621397856,1769621397856,1769621397856,300,5000,ok
,,status,,1769621397874,1769621397874,1769621397874,1769621397874,1769621397874,300,5000,ok
,,telemetry,,1769621402839,1769621402840,1769621402840,1769621402840,1769621402840,300,5000,ok
,,status,,1769621402867,1769621402867,1769621402867,1769621402867,1769621402867,300,5000,ok
,,telemetry,,1769621407838,1769621407838,1769621407838,1769621407838,1769621407838,300,5000,ok
,,status,,1769621407869,1769621407869,1769621407869,1769621407869,1769621407869,300,5000,ok
,,telemetry,,1769621412838,1769621412838,1769621412838,1769621412838,1769621412838,300,5000,ok
,,status,,1769621412865,1769621412865,1769621412865,1769621412865,1769621412865,300,5000,ok
,,telemetry,,1769621417838,1769621417838,1769621417838,1769621417838,1769621417838,300,5000,ok
,,status,,1769621417865,1769621417865,1769621417865,1769621417865,1769621417865,300,5000,ok
,,telemetry,,1769621422842,1769621422842,1769621422842,1769621422842,1769621422842,300,5000,ok
,,status,,1769621422875,1769621422875,1769621422875,1769621422875,1769621422875,300,5000,ok
,,telemetry,,1769621427856,1769621427856,1769621427856,1769621427856,1769621427856,300,5000,ok
,,status,,1769621427868,1769621427869,1769621427869,1769621427869,1769621427869,300,5000,ok
,,telemetry,,1769621432844,1769621432844,1769621432844,1769621432844,1769621432844,300,5000,ok
,,status,,1769621432869,1769621432869,1769621432869,1769621432869,1769621432869,300,5000,ok
,,telemetry,,1769621437838,1769621437838,1769621437838,1769621437838,1769621437838,300,5000,ok
,,status,,1769621437867,1769621437867,1769621437867,1769621437867,1769621437867,300,5000,ok
,,telemetry,,1769621442836,1769621442836,1769621442836,1769621442836,1769621442836,300,5000,ok
,,status,,1769621442866,1769621442867,1769621442867,1769621442867,1769621442867,300,5000,ok
,,telemetry,,1769621447838,1769621447838,1769621447838,1769621447838,1769621447838,300,5000,ok
,,status,,1769621447869,1769621447869,1769621447869,1769621447869,1769621447869,300,5000,ok
,,telemetry,,1769621457343,1769621457343,1769621457343,1769621457343,1769621457343,300,5000,ok
,,status,,1769621457355,1769621457355,1769621457355,1769621457355,1769621457355,300,5000,ok
,,telemetry,,1769621472807,1769621472807,1769621472807,1769621472807,1769621472807,300,5000,ok
,,status,,1769621472815,1769621472815,1769621472815,1769621472815,1769621472815,300,5000,ok
,,telemetry,,1769621472815,1769621472816,1769621472816,1769621472816,1769621472816,300,5000,ok
,,telemetry,,1769621476560,1769621476560,1769621476560,1769621476560,1769621476560,300,5000,ok
,,status,,1769621476570,1769621476570,1769621476570,1769621476570,1769621476570,300,5000,ok
,,telemetry,,1769621481559,1769621481559,1769621481559,1769621481559,1769621481559,300,5000,ok
,,status,,1769621481569,1769621481569,1769621481569,1769621481569,1769621481569,300,5000,ok
,,telemetry,,1769621486559,1769621486559,1769621486559,1769621486559,1769621486559,300,5000,ok
,,status,,1769621486569,1769621486569,1769621486569,1769621486569,1769621486569,300,5000,ok
,,telemetry,,1769621491557,1769621491557,1769621491557,1769621491557,1769621491557,300,5000,ok
,,status,,1769621491568,1769621491568,1769621491568,1769621491568,1769621491568,300,5000,ok
,,telemetry,,1769621496559,1769621496559,1769621496559,1769621496559,1769621496559,300,5000,ok
,,status,,1769621496571,1769621496571,1769621496571,1769621496571,1769621496571,300,5000,ok
,,telemetry,,1769621501563,1769621501563,1769621501563,1769621501563,1769621501563,300,5000,ok
,,status,,1769621501582,1769621501582,1769621501582,1769621501582,1769621501582,300,5000,ok
,,telemetry,,1769621506557,1769621506557,1769621506557,1769621506557,1769621506557,300,5000,ok
,,status,,1769621506571,1769621506571,1769621506571,1769621506571,1769621506571,300,5000,ok
,,telemetry,,1769621511560,1769621511560,1769621511560,1769621511560,1769621511560,300,5000,ok
,,status,,1769621511570,1769621511570,1769621511570,1769621511570,1769621511570,300,5000,ok
,,telemetry,,1769621516560,1769621516560,1769621516560,1769621516560,1769621516560,300,5000,ok
,,status,,1769621516576,1769621516577,1769621516577,1769621516577,1769621516577,300,5000,ok
,,telemetry,,1769621521559,1769621521559,1769621521559,1769621521559,1769621521559,300,5000,ok
,,status,,1769621521569,1769621521569,1769621521569,1769621521569,1769621521569,300,5000,ok
,,telemetry,,1769621526560,1769621526560,1769621526560,1769621526560,1769621526560,300,5000,ok
,,status,,1769621526569,1769621526569,1769621526569,1769621526569,1769621526569,300,5000,ok
,,telemetry,,1769621531558,1769621531558,1769621531558,1769621531558,1769621531558,300,5000,ok
,,status,,1769621531570,1769621531570,1769621531570,1769621531570,1769621531570,300,5000,ok
,,telemetry,,1769621536565,1769621536566,1769621536566,1769621536566,1769621536566,300,5000,ok
,,status,,1769621536577,1769621536577,1769621536577,1769621536577,1769621536577,300,5000,ok
,,telemetry,,1769621541562,1769621541562,1769621541562,1769621541562,1769621541562,300,5000,ok
,,status,,1769621541575,1769621541575,1769621541575,1769621541575,1769621541576,300,5000,ok
,,telemetry,,1769621546561,1769621546561,1769621546561,1769621546561,1769621546561,300,5000,ok
,,status,,1769621546580,1769621546580,1769621546580,1769621546580,1769621546580,300,5000,ok
,,telemetry,,1769621551556,1769621551556,1769621551556,1769621551556,1769621551556,300,5000,ok
,,status,,1769621551576,1769621551576,1769621551576,1769621551576,1769621551576,300,5000,ok
,,telemetry,,1769621556558,1769621556558,1769621556558,1769621556558,1769621556558,300,5000,ok
,,status,,1769621556583,1769621556583,1769621556583,1769621556583,1769621556583,300,5000,ok
,,telemetry,,1769621568229,1769621568229,1769621568229,1769621568229,1769621568229,300,5000,ok
,,status,,1769621568246,1769621568246,1769621568246,1769621568246,1769621568246,300,5000,ok
,,telemetry,,1769621573224,1769621573224,1769621573224,1769621573224,1769621573224,300,5000,ok
,,status,,1769621573232,1769621573232,1769621573232,1769621573232,1769621573232,300,5000,ok
,,telemetry,,1769621602662,1769621602662,1769621602662,1769621602662,1769621602662,300,5000,ok
,,status,,1769621602668,1769621602668,1769621602668,1769621602668,1769621602668,300,5000,ok
,,telemetry,,1769621608929,1769621608929,1769621608929,1769621608929,1769621608929,300,5000,ok
,,status,,1769621608932,1769621608932,1769621608932,1769621608932,1769621608932,300,5000,ok
,,telemetry,,1769621608932,1769621608933,1769621608933,1769621608933,1769621608933,300,5000,ok
,,telemetry,,1769621612670,1769621612670,1769621612670,1769621612670,1769621612670,300,5000,ok
,,status,,1769621612678,1769621612678,1769621612678,1769621612678,1769621612678,300,5000,ok
,,telemetry,,1769621617739,1769621617739,1769621617739,1769621617739,1769621617739,300,5000,ok
,,status,,1769621617823,1769621617823,1769621617823,1769621617823,1769621617823,300,5000,ok
,,telemetry,,1769621622668,1769621622668,1769621622668,1769621622668,1769621622668,300,5000,ok
,,status,,1769621622747,1769621622748,1769621622748,1769621622748,1769621622748,300,5000,ok
,,telemetry,,1769621627745,1769621627745,1769621627745,1769621627745,1769621627745,300,5000,ok
,,status,,1769621627915,1769621627915,1769621627915,1769621627915,1769621627915,300,5000,ok
,,telemetry,,1769621632779,1769621632779,1769621632779,1769621632779,1769621632779,300,5000,ok
,,status,,1769621632847,1769621632848,1769621632848,1769621632848,1769621632848,300,5000,ok
,,telemetry,,1769621637670,1769621637673,1769621637673,1769621637673,1769621637673,300,5000,ok
,,status,,1769621637679,1769621637712,1769621637712,1769621637712,1769621637712,300,5000,ok
,,telemetry,,1769621642672,1769621642672,1769621642672,1769621642672,1769621642672,300,5000,ok
,,status,,1769621642683,1769621642692,1769621642692,1769621642693,1769621642693,300,5000,ok
,,telemetry,,1769621647670,1769621647670,1769621647670,1769621647670,1769621647670,300,5000,ok
,,status,,1769621647680,1769621647680,1769621647680,1769621647680,1769621647680,300,5000,ok
,,telemetry,,1769621652669,1769621652669,1769621652669,1769621652669,1769621652669,300,5000,ok
,,status,,1769621652680,1769621652680,1769621652680,1769621652680,1769621652680,300,5000,ok
,,telemetry,,1769621657670,1769621657670,1769621657670,1769621657670,1769621657670,300,5000,ok
,,status,,1769621657677,1769621657678,1769621657678,1769621657678,1769621657678,300,5000,ok
,,telemetry,,1769621662668,1769621662668,1769621662668,1769621662668,1769621662668,300,5000,ok
,,status,,1769621662679,1769621662679,1769621662679,1769621662679,1769621662679,300,5000,ok
,,telemetry,,1769621667668,1769621667668,1769621667668,1769621667668,1769621667668,300,5000,ok
,,status,,1769621667677,1769621667677,1769621667677,1769621667677,1769621667677,300,5000,ok
,,telemetry,,1769621672667,1769621672668,1769621672668,1769621672668,1769621672668,300,5000,ok
,,status,,1769621672681,1769621672681,1769621672681,1769621672681,1769621672681,300,5000,ok
,,telemetry,,1769621677673,1769621677674,1769621677674,1769621677674,1769621677674,300,5000,ok
,,status,,1769621677677,1769621677677,1769621677677,1769621677677,1769621677677,300,5000,ok
,,telemetry,,1769621682667,1769621682667,1769621682667,1769621682667,1769621682667,300,5000,ok
,,status,,1769621682677,1769621682677,1769621682677,1769621682677,1769621682677,300,5000,ok
,,telemetry,,1769621687665,1769621687665,1769621687665,1769621687665,1769621687665,300,5000,ok
,,status,,1769621687677,1769621687677,1769621687677,1769621687677,1769621687677,300,5000,ok
,,telemetry,,1769621692667,1769621692668,1769621692668,1769621692668,1769621692668,300,5000,ok
,,status,,1769621692681,1769621692681,1769621692681,1769621692681,1769621692681,300,5000,ok
,,telemetry,,1769621697666,1769621697666,1769621697666,1769621697666,1769621697666,300,5000,ok
,,status,,1769621697677,1769621697677,1769621697677,1769621697677,1769621697677,300,5000,ok
,,telemetry,,1769621702669,1769621702669,1769621702669,1769621702669,1769621702669,300,5000,ok
,,status,,1769621702676,1769621702676,1769621702676,1769621702676,1769621702676,300,5000,ok
,,telemetry,,1769621707670,1769621707671,1769621707671,1769621707671,1769621707671,300,5000,ok
,,status,,1769621707677,1769621707677,1769621707677,1769621707677,1769621707677,300,5000,ok
,,telemetry,,1769621712669,1769621712669,1769621712669,1769621712669,1769621712669,300,5000,ok
,,status,,1769621712677,1769621712677,1769621712677,1769621712677,1769621712677,300,5000,ok
,,telemetry,,1769621717667,1769621717667,1769621717667,1769621717667,1769621717667,300,5000,ok
,,status,,1769621717677,1769621717677,1769621717677,1769621717677,1769621717677,300,5000,ok
,,telemetry,,1769621722673,1769621722673,1769621722673,1769621722673,1769621722673,300,5000,ok
,,status,,1769621722680,1769621722680,1769621722680,1769621722680,1769621722680,300,5000,ok
,,telemetry,,1769621727667,1769621727668,1769621727668,1769621727668,1769621727668,300,5000,ok
,,status,,1769621727678,1769621727678,1769621727678,1769621727678,1769621727678,300,5000,ok
,,telemetry,,1769621732667,1769621732667,1769621732667,1769621732667,1769621732667,300,5000,ok
,,status,,1769621732677,1769621732677,1769621732677,1769621732677,1769621732677,300,5000,ok
,,telemetry,,1769621737673,1769621737673,1769621737673,1769621737673,1769621737673,300,5000,ok
,,status,,1769621737680,1769621737681,1769621737681,1769621737681,1769621737681,300,5000,ok
,,telemetry,,1769621742667,1769621742667,1769621742667,1769621742667,1769621742667,300,5000,ok
,,status,,1769621742677,1769621742677,1769621742677,1769621742677,1769621742677,300,5000,ok
,,telemetry,,1769621747667,1769621747667,1769621747667,1769621747667,1769621747667,300,5000,ok
,,status,,1769621747677,1769621747677,1769621747677,1769621747677,1769621747677,300,5000,ok
,,telemetry,,1769621752666,1769621752667,1769621752667,1769621752667,1769621752667,300,5000,ok
,,status,,1769621752676,1769621752676,1769621752676,1769621752676,1769621752676,300,5000,ok
,,telemetry,,1769621757670,1769621757670,1769621757670,1769621757670,1769621757670,300,5000,ok
,,status,,1769621757676,1769621757676,1769621757676,1769621757676,1769621757676,300,5000,ok
,,telemetry,,1769621762668,1769621762668,1769621762668,1769621762668,1769621762668,300,5000,ok
,,status,,1769621762679,1769621762679,1769621762679,1769621762679,1769621762679,300,5000,ok
,,telemetry,,1769621767667,1769621767667,1769621767667,1769621767667,1769621767667,300,5000,ok
,,status,,1769621767678,1769621767678,1769621767678,1769621767678,1769621767678,300,5000,ok
,,telemetry,,1769621772667,1769621772667,1769621772667,1769621772667,1769621772667,300,5000,ok
,,status,,1769621772676,1769621772676,1769621772676,1769621772676,1769621772677,300,5000,ok
,,telemetry,,1769621777665,1769621777665,1769621777665,1769621777665,1769621777665,300,5000,ok
,,status,,1769621777675,1769621777675,1769621777675,1769621777675,1769621777675,300,5000,ok
,,telemetry,,1769621782691,1769621782691,1769621782691,1769621782691,1769621782691,300,5000,ok
,,status,,1769621782694,1769621782695,1769621782695,1769621782695,1769621782695,300,5000,ok
,,telemetry,,1769621787665,1769621787665,1769621787665,1769621787665,1769621787665,300,5000,ok
,,status,,1769621787677,1769621787677,1769621787677,1769621787677,1769621787677,300,5000,ok
,,telemetry,,1769621792734,1769621792735,1769621792735,1769621792735,1769621792735,300,5000,ok
,,status,,1769621792807,1769621792807,1769621792807,1769621792807,1769621792807,300,5000,ok
,,telemetry,,1769621797666,1769621797667,1769621797667,1769621797667,1769621797667,300,5000,ok
,,status,,1769621797827,1769621797827,1769621797827,1769621797827,1769621797827,300,5000,ok
,,telemetry,,1769621802666,1769621802666,1769621802666,1769621802666,1769621802666,300,5000,ok
,,status,,1769621802677,1769621802677,1769621802677,1769621802677,1769621802677,300,5000,ok
,,telemetry,,1769621807668,1769621807668,1769621807668,1769621807668,1769621807668,300,5000,ok
,,status,,1769621807729,1769621807729,1769621807729,1769621807729,1769621807729,300,5000,ok
,,telemetry,,1769621812667,1769621812667,1769621812667,1769621812667,1769621812667,300,5000,ok
,,status,,1769621812676,1769621812676,1769621812676,1769621812676,1769621812676,300,5000,ok
,,telemetry,,1769621817666,1769621817666,1769621817666,1769621817666,1769621817666,300,5000,ok
,,status,,1769621817676,1769621817677,1769621817677,1769621817677,1769621817677,300,5000,ok
,,telemetry,,1769621822666,1769621822666,1769621822666,1769621822666,1769621822666,300,5000,ok
,,status,,1769621822676,1769621822676,1769621822676,1769621822676,1769621822676,300,5000,ok
,,telemetry,,1769621827666,1769621827666,1769621827666,1769621827666,1769621827666,300,5000,ok
,,status,,1769621827744,1769621827745,1769621827745,1769621827745,1769621827745,300,5000,ok
,,telemetry,,1769621832666,1769621832666,1769621832666,1769621832666,1769621832666,300,5000,ok
,,status,,1769621832676,1769621832676,1769621832676,1769621832676,1769621832676,300,5000,ok
,,telemetry,,1769621837668,1769621837668,1769621837668,1769621837668,1769621837668,300,5000,ok
,,status,,1769621837675,1769621837675,1769621837675,1769621837675,1769621837675,300,5000,ok
,,telemetry,,1769621842726,1769621842726,1769621842726,1769621842726,1769621842726,300,5000,ok
,,status,,1769621842730,1769621842730,1769621842730,1769621842730,1769621842730,300,5000,ok
,,telemetry,,1769621847666,1769621847666,1769621847666,1769621847666,1769621847666,300,5000,ok
,,status,,1769621847680,1769621847680,1769621847680,1769621847680,1769621847680,300,5000,ok
,,telemetry,,1769621852689,1769621852689,1769621852689,1769621852689,1769621852689,300,5000,ok
,,status,,1769621852800,1769621852800,1769621852800,1769621852800,1769621852800,300,5000,ok
,,telemetry,,1769621857754,1769621857754,1769621857754,1769621857754,1769621857754,300,5000,ok
,,status,,1769621857757,1769621857757,1769621857757,1769621857757,1769621857757,300,5000,ok
,,telemetry,,1769621862666,1769621862666,1769621862666,1769621862666,1769621862666,300,5000,ok
,,status,,1769621862676,1769621862676,1769621862676,1769621862676,1769621862676,300,5000,ok
,,telemetry,,1769621867664,1769621867664,1769621867664,1769621867664,1769621867664,300,5000,ok
,,status,,1769621867674,1769621867674,1769621867674,1769621867674,1769621867674,300,5000,ok
,,telemetry,,1769621872668,1769621872668,1769621872668,1769621872668,1769621872668,300,5000,ok
,,status,,1769621872675,1769621872676,1769621872676,1769621872676,1769621872676,300,5000,ok
,,telemetry,,1769621877666,1769621877666,1769621877666,1769621877666,1769621877666,300,5000,ok
,,status,,1769621877676,1769621877676,1769621877676,1769621877676,1769621877676,300,5000,ok
,,telemetry,,1769621882665,1769621882666,1769621882666,1769621882666,1769621882666,300,5000,ok
,,status,,1769621882677,1769621882677,1769621882677,1769621882677,1769621882677,300,5000,ok
,,telemetry,,1769621887663,1769621887664,1769621887664,1769621887664,1769621887664,300,5000,ok
,,status,,1769621887676,1769621887676,1769621887676,1769621887676,1769621887676,300,5000,ok
,,telemetry,,1769621892670,1769621892670,1769621892670,1769621892670,1769621892670,300,5000,ok
,,status,,1769621892677,1769621892677,1769621892677,1769621892677,1769621892677,300,5000,ok
,,telemetry,,1769621902707,1769621902707,1769621902707,1769621902707,1769621902707,300,5000,ok
,,status,,1769621902725,1769621902725,1769621902725,1769621902725,1769621902725,300,5000,ok
,,telemetry,,1769621907799,1769621907799,1769621907799,1769621907799,1769621907799,300,5000,ok
,,status,,1769621907803,1769621907803,1769621907803,1769621907803,1769621907803,300,5000,ok
,,telemetry,,1769621912694,1769621912694,1769621912694,1769621912694,1769621912694,300,5000,ok
,,status,,1769621912697,1769621912697,1769621912697,1769621912697,1769621912697,300,5000,ok
fire_system_esp32_61886,fire_system_esp32,telemetry,1769624038631,1769624034631,1769624034631,1769624034631,1769624034631,1769624034631,300,5000,ok
fire_system_esp32_61906,fire_system_esp32,status,1769624038651,1769624034649,1769624034681,1769624034681,1769624034681,1769624034681,300,5000,ok
fire_system_esp32_66886,fire_system_esp32,telemetry,1769624043631,1769624039637,1769624039637,1769624039637,1769624039637,1769624039637,300,5000,ok
fire_system_esp32_66906,fire_system_esp32,status,1769624043651,1769624039649,1769624039650,1769624039650,1769624039650,1769624039650,300,5000,ok
fire_system_esp32_71886,fire_system_esp32,telemetry,1769624048631,1769624044631,1769624044631,1769624044631,1769624044631,1769624044631,300,5000,ok
fire_system_esp32_71906,fire_system_esp32,status,1769624048651,1769624044652,1769624044652,1769624044652,1769624044652,1769624044652,300,5000,ok
fire_system_esp32_76886,fire_system_esp32,telemetry,1769624053631,1769624049631,1769624049631,1769624049631,1769624049631,1769624049631,300,5000,ok
fire_system_esp32_76906,fire_system_esp32,status,1769624053651,1769624049651,1769624049652,1769624049652,1769624049652,1769624049652,300,5000,ok
fire_system_esp32_81886,fire_system_esp32,telemetry,1769624058631,1769624054633,1769624054633,1769624054633,1769624054633,1769624054633,300,5000,ok
fire_system_esp32_81906,fire_system_esp32,status,1769624058651,1769624054649,1769624054649,1769624054649,1769624054649,1769624054649,300,5000,ok
fire_system_esp32_86886,fire_system_esp32,telemetry,1769624063631,1769624059635,1769624059635,1769624059635,1769624059635,1769624059635,300,5000,ok
fire_system_esp32_86906,fire_system_esp32,status,1769624063652,1769624059650,1769624059650,1769624059650,1769624059650,1769624059650,300,5000,ok
fire_system_esp32_91886,fire_system_esp32,telemetry,1769624068631,1769624064632,1769624064632,1769624064632,1769624064632,1769624064632,300,5000,ok
fire_system_esp32_91906,fire_system_esp32,status,1769624068651,1769624064652,1769624064652,1769624064652,1769624064652,1769624064652,300,5000,ok
fire_system_esp32_96886,fire_system_esp32,telemetry,1769624073631,1769624069631,1769624069631,1769624069631,1769624069631,1769624069631,300,5000,ok
fire_system_esp32_96906,fire_system_esp32,status,1769624073651,1769624069648,1769624069648,1769624069648,1769624069648,1769624069648,300,5000,ok
fire_system_esp32_101886,fire_system_esp32,telemetry,1769624078631,1769624074634,1769624074634,1769624074634,1769624074634,1769624074634,300,5000,ok
fire_system_esp32_101906,fire_system_esp32,status,1769624078651,1769624074648,1769624074648,1769624074648,1769624074648,1769624074649,300,5000,ok
fire_system_esp32_7886,fire_system_esp32,telemetry,1769624098707,1769624094704,1769624094704,1769624094704,1769624094704,1769624094704,300,5000,ok
fire_system_esp32_7886,fire_system_esp32,status,1769624098715,1769624094712,1769624094712,1769624094712,1769624094712,1769624094712,300,5000,ok
fire_system_esp32_12886,fire_system_esp32,telemetry,1769624103706,1769624099701,1769624099701,1769624099701,1769624099701,1769624099701,300,5000,ok
fire_system_esp32_12906,fire_system_esp32,status,1769624103726,1769624099722,1769624099722,1769624099722,1769624099722,1769624099722,300,5000,ok
fire_system_esp32_17886,fire_system_esp32,telemetry,1769624108706,1769624104699,1769624104700,1769624104700,1769624104700,1769624104700,300,5000,ok
fire_system_esp32_17906,fire_system_esp32,status,1769624108726,1769624104716,1769624104716,1769624104716,1769624104716,1769624104716,300,5000,ok
fire_system_esp32_22886,fire_system_esp32,telemetry,1769624113706,1769624109769,1769624109769,1769624109769,1769624109769,1769624109769,300,5000,ok
fire_system_esp32_22906,fire_system_esp32,status,1769624113726,1769624109772,1769624109773,1769624109773,1769624109773,1769624109773,300,5000,ok
fire_system_esp32_27886,fire_system_esp32,telemetry,1769624118706,1769624114699,1769624114699,1769624114699,1769624114699,1769624114699,300,5000,ok
fire_system_esp32_27906,fire_system_esp32,status,1769624118726,1769624114718,1769624114718,1769624114718,1769624114718,1769624114718,300,5000,ok
fire_system_esp32_32886,fire_system_esp32,telemetry,1769624123706,1769624119698,1769624119699,1769624119699,1769624119699,1769624119699,300,5000,ok
fire_system_esp32_32906,fire_system_esp32,status,1769624123726,1769624119717,1769624119717,1769624119717,1769624119717,1769624119717,300,5000,ok
fire_system_esp32_37886,fire_system_esp32,telemetry,1769624128706,1769624124699,1769624124699,1769624124699,1769624124699,1769624124699,300,5000,ok
fire_system_esp32_37906,fire_system_esp32,status,1769624128726,1769624124716,1769624124716,1769624124716,1769624124716,1769624124716,300,5000,ok
fire_system_esp32_42886,fire_system_esp32,telemetry,1769624133706,1769624129698,1769624129698,1769624129698,1769624129698,1769624129698,300,5000,ok
fire_system_esp32_42906,fire_system_esp32,status,1769624133726,1769624129716,1769624129716,1769624129716,1769624129716,1769624129716,300,5000,ok
fire_system_esp32_11896,fire_system_esp32,telemetry,1769624147878,1769624143885,1769624143885,1769624143885,1769624143885,1769624143885,300,5000,ok
fire_system_esp32_11906,fire_system_esp32,status,1769624147888,1769624143891,1769624143891,1769624143891,1769624143891,1769624143891,300,5000,ok
fire_system_esp32_16896,fire_system_esp32,telemetry,1769624152877,1769624148882,1769624148882,1769624148882,1769624148882,1769624148882,300,5000,ok
fire_system_esp32_16916,fire_system_esp32,status,1769624152897,1769624148901,1769624148901,1769624148901,1769624148901,1769624148901,300,5000,ok
fire_system_esp32_21896,fire_system_esp32,telemetry,1769624157877,1769624153878,1769624153878,1769624153878,1769624153878,1769624153878,300,5000,ok
fire_system_esp32_21916,fire_system_esp32,status,1769624157897,1769624153896,1769624153896,1769624153896,1769624153896,1769624153896,300,5000,ok
fire_system_esp32_26896,fire_system_esp32,telemetry,1769624162877,1769624158878,1769624158878,1769624158878,1769624158878,1769624158878,300,5000,ok
fire_system_esp32_26916,fire_system_esp32,status,1769624162897,1769624158893,1769624158894,1769624158894,1769624158894,1769624158894,300,5000,ok
fire_system_esp32_221906,fire_system_esp32,telemetry,1769624357887,1769624353885,1769624353885,1769624353885,1769624353885,1769624353885,300,5000,ok
fire_system_esp32_221926,fire_system_esp32,status,1769624357907,1769624353907,1769624353907,1769624353907,1769624353907,1769624353907,300,5000,ok
fire_system_esp32_226906,fire_system_esp32,telemetry,1769624362887,1769624358887,1769624358887,1769624358887,1769624358887,1769624358887,300,5000,ok
fire_system_esp32_226926,fire_system_esp32,status,1769624362907,1769624358902,1769624358902,1769624358902,1769624358902,1769624358902,300,5000,ok
fire_system_esp32_231906,fire_system_esp32,telemetry,1769624367887,1769624363885,1769624363885,1769624363885,1769624363885,1769624363885,300,5000,ok
fire_system_esp32_231926,fire_system_esp32,status,1769624367907,1769624363902,1769624363902,1769624363902,1769624363902,1769624363902,300,5000,ok
fire_system_esp32_236906,fire_system_esp32,telemetry,1769624372887,1769624368884,1769624368884,1769624368884,1769624368884,1769624368884,300,5000,ok
fire_system_esp32_236926,fire_system_esp32,status,1769624372907,1769624368902,1769624368902,1769624368902,1769624368902,1769624368902,300,5000,ok
fire_system_esp32_241906,fire_system_esp32,telemetry,1769624377887,1769624373885,1769624373885,1769624373885,1769624373885,1769624373885,300,5000,ok
fire_system_esp32_241926,fire_system_esp32,status,1769624377907,1769624373905,1769624373905,1769624373905,1769624373905,1769624373905,300,5000,ok
fire_system_esp32_246906,fire_system_esp32,telemetry,1769624382887,1769624378887,1769624378887,1769624378887,1769624378887,1769624378887,300,5000,ok
fire_system_esp32_246926,fire_system_esp32,status,1769624382907,1769624378902,1769624378902,1769624378902,1769624378902,1769624378902,300,5000,ok
fire_system_esp32_251906,fire_system_esp32,telemetry,1769624387887,1769624383889,1769624383889,1769624383889,1769624383889,1769624383889,300,5000,ok
fire_system_esp32_251926,fire_system_esp32,status,1769624387907,1769624383902,1769624383902,1769624383902,1769624383902,1769624383902,300,5000,ok
fire_system_esp32_256906,fire_system_esp32,telemetry,1769624392887,1769624388885,1769624388885,1769624388885,1769624388885,1769624388885,300,5000,ok
fire_system_esp32_256926,fire_system_esp32,status,1769624392907,1769624388905,1769624388905,1769624388905,1769624388905,1769624388905,300,5000,ok
fire_system_esp32_261906,fire_system_esp32,telemetry,1769624397887,1769624393887,1769624393887,1769624393887,1769624393887,1769624393887,300,5000,ok
fire_system_esp32_261926,fire_system_esp32,status,1769624397907,1769624393904,1769624393904,1769624393904,1769624393904,1769624393904,300,5000,ok
fire_system_esp32_266906,fire_system_esp32,telemetry,1769624402887,1769624398884,1769624398885,1769624398885,1769624398885,1769624398885,300,5000,ok
fire_system_esp32_266926,fire_system_esp32,status,1769624402907,1769624398903,1769624398903,1769624398903,1769624398903,1769624398903,300,5000,ok
fire_system_esp32_271906,fire_system_esp32,telemetry,1769624407887,1769624403885,1769624403885,1769624403885,1769624403885,1769624403885,300,5000,ok
fire_system_esp32_271926,fire_system_esp32,status,1769624407907,1769624403902,1769624403902,1769624403902,1769624403902,1769624403902,300,5000,ok
fire_system_esp32_276906,fire_system_esp32,telemetry,1769624412887,1769624408886,1769624408886,1769624408886,1769624408886,1769624408886,300,5000,ok
fire_system_esp32_276926,fire_system_esp32,status,1769624412907,1769624408902,1769624408902,1769624408902,1769624408902,1769624408902,300,5000,ok
fire_system_esp32_281906,fire_system_esp32,telemetry,1769624417887,1769624413891,1769624413891,1769624413891,1769624413891,1769624413891,300,5000,ok
fire_system_esp32_281926,fire_system_esp32,status,1769624417907,1769624413903,1769624413903,1769624413903,1769624413903,1769624413903,300,5000,ok
fire_system_esp32_286906,fire_system_esp32,telemetry,1769624422887,1769624418884,1769624418884,1769624418884,1769624418884,1769624418884,300,5000,ok
fire_system_esp32_286926,fire_system_esp32,status,1769624422907,1769624418902,1769624418903,1769624418903,1769624418903,1769624418903,300,5000,ok
fire_system_esp32_291906,fire_system_esp32,telemetry,1769624427887,1769624423886,1769624423886,1769624423886,1769624423886,1769624423886,300,5000,ok
fire_system_esp32_291926,fire_system_esp32,status,1769624427907,1769624423910,1769624423910,1769624423910,1769624423910,1769624423910,300,5000,ok
fire_system_esp32_296906,fire_system_esp32,telemetry,1769624432887,1769624428886,1769624428886,1769624428886,1769624428886,1769624428886,300,5000,ok
fire_system_esp32_296926,fire_system_esp32,status,1769624432907,1769624428903,1769624428903,1769624428903,1769624428903,1769624428903,300,5000,ok
fire_system_esp32_301906,fire_system_esp32,telemetry,1769624437887,1769624433884,1769624433884,1769624433884,1769624433884,1769624433884,300,5000,ok
fire_system_esp32_301926,fire_system_esp32,status,1769624437907,1769624433903,1769624433903,1769624433903,1769624433903,1769624433903,300,5000,ok
fire_system_esp32_9896,fire_system_esp32,telemetry,1769624465967,1769624461973,1769624461973,1769624461973,1769624461973,1769624461973,300,5000,ok
fire_system_esp32_9906,fire_system_esp32,status,1769624465977,1769624461982,1769624461982,1769624461982,1769624461982,1769624461982,300,5000,ok
fire_system_esp32_14896,fire_system_esp32,telemetry,1769624470966,1769624466968,1769624466968,1769624466968,1769624466968,1769624466968,300,5000,ok
fire_system_esp32_14916,fire_system_esp32,status,1769624470986,1769624466984,1769624466985,1769624466985,1769624466985,1769624466985,300,5000,ok
fire_system_esp32_19896,fire_system_esp32,telemetry,1769624475966,1769624471967,1769624471967,1769624471967,1769624471967,1769624471967,300,5000,ok
fire_system_esp32_19916,fire_system_esp32,status,1769624475986,1769624471984,1769624471984,1769624471984,1769624471984,1769624471984,300,5000,ok
fire_system_esp32_24896,fire_system_esp32,telemetry,1769624480966,1769624476970,1769624476971,1769624476971,1769624476971,1769624476971,300,5000,ok
fire_system_esp32_24916,fire_system_esp32,status,1769624480986,1769624476994,1769624476994,1769624476994,1769624476994,1769624476994,300,5000,ok
fire_system_esp32_29896,fire_system_esp32,telemetry,1769624485966,1769624481967,1769624481967,1769624481967,1769624481967,1769624481967,300,5000,ok
fire_system_esp32_29916,fire_system_esp32,status,1769624485986,1769624481990,1769624481990,1769624481990,1769624481990,1769624481990,300,5000,ok
fire_system_esp32_34896,fire_system_esp32,telemetry,1769624490966,1769624486973,1769624486973,1769624486973,1769624486973,1769624486973,300,5000,ok
fire_system_esp32_34916,fire_system_esp32,status,1769624490986,1769624486990,1769624486991,1769624486991,1769624486991,1769624486991,300,5000,ok
fire_system_esp32_39896,fire_system_esp32,telemetry,1769624495966,1769624491967,1769624491967,1769624491967,1769624491967,1769624491967,300,5000,ok
fire_system_esp32_39916,fire_system_esp32,status,1769624495986,1769624491986,1769624491986,1769624491986,1769624491986,1769624491986,300,5000,ok
fire_system_esp32_44896,fire_system_esp32,telemetry,1769624500966,1769624496968,1769624496969,1769624496969,1769624496969,1769624496969,300,5000,ok
fire_system_esp32_44916,fire_system_esp32,status,1769624500986,1769624496984,1769624496984,1769624496984,1769624496984,1769624496984,300,5000,ok
fire_system_esp32_49896,fire_system_esp32,telemetry,1769624505966,1769624501983,1769624501984,1769624501984,1769624501984,1769624501984,300,5000,ok
fire_system_esp32_49916,fire_system_esp32,status,1769624505986,1769624501989,1769624501991,1769624501991,1769624501991,1769624501991,300,5000,ok
fire_system_esp32_54896,fire_system_esp32,telemetry,1769624510966,1769624506974,1769624506974,1769624506974,1769624506974,1769624506974,300,5000,ok
fire_system_esp32_54916,fire_system_esp32,status,1769624510986,1769624506986,1769624506986,1769624506986,1769624506986,1769624506986,300,5000,ok
fire_system_esp32_59896,fire_system_esp32,telemetry,1769624515966,1769624511969,1769624511969,1769624511969,1769624511969,1769624511969,300,5000,ok
fire_system_esp32_59916,fire_system_esp32,status,1769624515986,1769624511991,1769624511991,1769624511991,1769624511991,1769624511991,300,5000,ok
fire_system_esp32_64896,fire_system_esp32,telemetry,1769624520966,1769624516974,1769624516974,1769624516974,1769624516974,1769624516974,300,5000,ok
fire_system_esp32_64916,fire_system_esp32,status,1769624520986,1769624516989,1769624516989,1769624516989,1769624516989,1769624516989,300,5000,ok
fire_system_esp32_69896,fire_system_esp32,telemetry,1769624525966,1769624521968,1769624521968,1769624521968,1769624521968,1769624521968,300,5000,ok
fire_system_esp32_69916,fire_system_esp32,status,1769624525986,1769624521985,1769624521985,1769624521985,1769624521985,1769624521985,300,5000,ok
fire_system_esp32_74896,fire_system_esp32,telemetry,1769624530966,1769624526995,1769624526995,1769624526995,1769624526995,1769624526995,300,5000,ok
fire_system_esp32_74916,fire_system_esp32,status,1769624530986,1769624527003,1769624527003,1769624527003,1769624527003,1769624527003,300,5000,ok
fire_system_esp32_79896,fire_system_esp32,telemetry,1769624535966,1769624531969,1769624531969,1769624531970,1769624531970,1769624531970,300,5000,ok
fire_system_esp32_79916,fire_system_esp32,status,1769624535986,1769624531985,1769624531985,1769624531985,1769624531985,1769624531985,300,5000,ok
fire_system_esp32_84896,fire_system_esp32,telemetry,1769624540966,1769624536966,1769624536967,1769624536967,1769624536967,1769624536967,300,5000,ok
fire_system_esp32_84916,fire_system_esp32,status,1769624540986,1769624536984,1769624536984,1769624536984,1769624536984,1769624536984,300,5000,ok
fire_system_esp32_89896,fire_system_esp32,telemetry,1769624545966,1769624541966,1769624541967,1769624541967,1769624541967,1769624541967,300,5000,ok
fire_system_esp32_89916,fire_system_esp32,status,1769624545986,1769624541984,1769624541984,1769624541984,1769624541984,1769624541984,300,5000,ok
fire_system_esp32_94896,fire_system_esp32,telemetry,1769624550966,1769624546971,1769624546971,1769624546971,1769624546971,1769624546971,300,5000,ok
fire_system_esp32_94916,fire_system_esp32,status,1769624550986,1769624546986,1769624546986,1769624546986,1769624546986,1769624546986,300,5000,ok
fire_system_esp32_99896,fire_system_esp32,telemetry,1769624555966,1769624551969,1769624551970,1769624551970,1769624551970,1769624551970,300,5000,ok
fire_system_esp32_99916,fire_system_esp32,status,1769624555986,1769624551989,1769624551989,1769624551989,1769624551989,1769624551989,300,5000,ok
fire_system_esp32_104896,fire_system_esp32,telemetry,1769624560966,1769624556969,1769624556969,1769624556969,1769624556969,1769624556969,300,5000,ok
fire_system_esp32_104916,fire_system_esp32,status,1769624560986,1769624556987,1769624556987,1769624556987,1769624556987,1769624556987,300,5000,ok
fire_system_esp32_109896,fire_system_esp32,telemetry,1769624565966,1769624561967,1769624561967,1769624561967,1769624561967,1769624561967,300,5000,ok
fire_system_esp32_109916,fire_system_esp32,status,1769624565986,1769624561985,1769624561985,1769624561985,1769624561985,1769624561985,300,5000,ok
fire_system_esp32_114896,fire_system_esp32,telemetry,1769624570966,1769624566966,1769624566966,1769624566966,1769624566966,1769624566966,300,5000,ok
fire_system_esp32_114916,fire_system_esp32,status,1769624570986,1769624566984,1769624566984,1769624566984,1769624566984,1769624566984,300,5000,ok
fire_system_esp32_119896,fire_system_esp32,telemetry,1769624575966,1769624571966,1769624571966,1769624571966,1769624571966,1769624571966,300,5000,ok
fire_system_esp32_119916,fire_system_esp32,status,1769624575986,1769624571984,1769624571984,1769624571984,1769624571984,1769624571984,300,5000,ok
fire_system_esp32_124896,fire_system_esp32,telemetry,1769624580966,1769624577059,1769624577059,1769624577059,1769624577059,1769624577059,300,5000,ok
fire_system_esp32_124916,fire_system_esp32,status,1769624580986,1769624577063,1769624577063,1769624577063,1769624577063,1769624577063,300,5000,ok
fire_system_esp32_129896,fire_system_esp32,telemetry,1769624585966,1769624581966,1769624581967,1769624581967,1769624581967,1769624581967,300,5000,ok
fire_system_esp32_129916,fire_system_esp32,status,1769624585986,1769624581985,1769624581985,1769624581985,1769624581985,1769624581985,300,5000,ok
fire_system_esp32_134896,fire_system_esp32,telemetry,1769624590966,1769624586966,1769624586966,1769624586966,1769624586966,1769624586966,300,5000,ok
fire_system_esp32_134916,fire_system_esp32,status,1769624590986,1769624586983,1769624586984,1769624586984,1769624586984,1769624586984,300,5000,ok
fire_system_esp32_139896,fire_system_esp32,telemetry,1769624595966,1769624592028,1769624592028,1769624592028,1769624592028,1769624592028,300,5000,ok
fire_system_esp32_139916,fire_system_esp32,status,1769624595986,1769624592400,1769624592400,1769624592400,1769624592400,1769624592400,300,5000,ok
fire_system_esp32_144896,fire_system_esp32,telemetry,1769624600966,1769624596966,1769624596966,1769624596966,1769624596966,1769624596966,300,5000,ok
fire_system_esp32_144916,fire_system_esp32,status,1769624600986,1769624596985,1769624596985,1769624596985,1769624596985,1769624596985,300,5000,ok
fire_system_esp32_7926,fire_system_esp32,telemetry,1769624608974,1769624605149,1769624605149,1769624605149,1769624605149,1769624605149,300,5000,ok
fire_system_esp32_7926,fire_system_esp32,status,1769624608983,1769624605192,1769624605192,1769624605192,1769624605192,1769624605192,300,5000,ok
fire_system_esp32_12926,fire_system_esp32,telemetry,1769624613973,1769624610015,1769624610015,1769624610015,1769624610015,1769624610015,300,5000,ok
fire_system_esp32_12946,fire_system_esp32,status,1769624613992,1769624610019,1769624610019,1769624610019,1769624610019,1769624610019,300,5000,ok
fire_system_esp32_17926,fire_system_esp32,telemetry,1769624618973,1769624614974,1769624614974,1769624614974,1769624614974,1769624614974,300,5000,ok
fire_system_esp32_17946,fire_system_esp32,status,1769624618993,1769624614991,1769624614992,1769624614992,1769624614992,1769624614992,300,5000,ok
fire_system_esp32_22926,fire_system_esp32,telemetry,1769624623973,1769624619976,1769624619976,1769624619976,1769624619976,1769624619976,300,5000,ok
fire_system_esp32_22946,fire_system_esp32,status,1769624623993,1769624619992,1769624619992,1769624619992,1769624619992,1769624619992,300,5000,ok
fire_system_esp32_27926,fire_system_esp32,telemetry,1769624628973,1769624624974,1769624624974,1769624624974,1769624624974,1769624624974,300,5000,ok
fire_system_esp32_27946,fire_system_esp32,status,1769624628993,1769624624993,1769624624993,1769624624993,1769624624993,1769624624993,300,5000,ok
fire_system_esp32_32926,fire_system_esp32,telemetry,1769624633973,1769624629973,1769624629974,1769624629974,1769624629974,1769624629974,300,5000,ok
fire_system_esp32_32946,fire_system_esp32,status,1769624633993,1769624629991,1769624629991,1769624629991,1769624629991,1769624629991,300,5000,ok
fire_system_esp32_37926,fire_system_esp32,telemetry,1769624638973,1769624634976,1769624634976,1769624634976,1769624634976,1769624634976,300,5000,ok
fire_system_esp32_37946,fire_system_esp32,status,1769624638993,1769624634994,1769624634994,1769624634994,1769624634994,1769624634994,300,5000,ok
fire_system_esp32_42926,fire_system_esp32,telemetry,1769624643973,1769624639974,1769624639974,1769624639974,1769624639974,1769624639974,300,5000,ok
fire_system_esp32_42946,fire_system_esp32,status,1769624643993,1769624639994,1769624639994,1769624639994,1769624639994,1769624639994,300,5000,ok
fire_system_esp32_47926,fire_system_esp32,telemetry,1769624648973,1769624644974,1769624644974,1769624644974,1769624644974,1769624644974,300,5000,ok
fire_system_esp32_47946,fire_system_esp32,status,1769624648993,1769624644992,1769624644992,1769624644992,1769624644992,1769624644992,300,5000,ok
fire_system_esp32_52936,fire_system_esp32,telemetry,1769624653983,1769624649986,1769624649986,1769624649986,1769624649986,1769624649986,300,5000,ok
fire_system_esp32_52946,fire_system_esp32,status,1769624653992,1769624649993,1769624649993,1769624649993,1769624649993,1769624649993,300,5000,ok
fire_system_esp32_57936,fire_system_esp32,telemetry,1769624658983,1769624654984,1769624654984,1769624654984,1769624654984,1769624654984,300,5000,ok
fire_system_esp32_57946,fire_system_esp32,status,1769624658993,1769624655006,1769624655006,1769624655006,1769624655006,1769624655006,300,5000,ok
fire_system_esp32_62936,fire_system_esp32,telemetry,1769624663983,1769624659984,1769624659984,1769624659984,1769624659984,1769624659984,300,5000,ok
fire_system_esp32_62956,fire_system_esp32,status,1769624664003,1769624660001,1769624660001,1769624660001,1769624660001,1769624660001,300,5000,ok
fire_system_esp32_67936,fire_system_esp32,telemetry,1769624668983,1769624664985,1769624664985,1769624664985,1769624664985,1769624664985,300,5000,ok
fire_system_esp32_67956,fire_system_esp32,status,1769624669003,1769624665001,1769624665001,1769624665001,1769624665001,1769624665001,300,5000,ok
fire_system_esp32_72936,fire_system_esp32,telemetry,1769624673983,1769624669984,1769624669984,1769624669984,1769624669984,1769624669984,300,5000,ok
fire_system_esp32_72956,fire_system_esp32,status,1769624674003,1769624670019,1769624670019,1769624670019,1769624670019,1769624670019,300,5000,ok
fire_system_esp32_77936,fire_system_esp32,telemetry,1769624678983,1769624674984,1769624674984,1769624674984,1769624674984,1769624674984,300,5000,ok
fire_system_esp32_77956,fire_system_esp32,status,1769624679003,1769624675001,1769624675001,1769624675001,1769624675001,1769624675002,300,5000,ok
fire_system_esp32_82936,fire_system_esp32,telemetry,1769624683983,1769624679983,1769624679983,1769624679983,1769624679983,1769624679983,300,5000,ok
fire_system_esp32_82956,fire_system_esp32,status,1769624684003,1769624680001,1769624680001,1769624680001,1769624680001,1769624680001,300,5000,ok
fire_system_esp32_87936,fire_system_esp32,telemetry,1769624688983,1769624684983,1769624684983,1769624684983,1769624684983,1769624684983,300,5000,ok
fire_system_esp32_87956,fire_system_esp32,status,1769624689003,1769624685001,1769624685001,1769624685001,1769624685001,1769624685001,300,5000,ok
fire_system_esp32_92936,fire_system_esp32,telemetry,1769624693983,1769624689987,1769624689987,1769624689987,1769624689987,1769624689987,300,5000,ok
fire_system_esp32_92956,fire_system_esp32,status,1769624694003,1769624690001,1769624690002,1769624690002,1769624690002,1769624690002,300,5000,ok
fire_system_esp32_97936,fire_system_esp32,telemetry,1769624698983,1769624694984,1769624694984,1769624694984,1769624694984,1769624694984,300,5000,ok
fire_system_esp32_97956,fire_system_esp32,status,1769624699003,1769624695005,1769624695005,1769624695005,1769624695005,1769624695005,300,5000,ok
fire_system_esp32_102936,fire_system_esp32,telemetry,1769624703983,1769624699983,1769624699983,1769624699983,1769624699983,1769624699983,300,5000,ok
fire_system_esp32_102956,fire_system_esp32,status,1769624704003,1769624700002,1769624700002,1769624700002,1769624700002,1769624700002,300,5000,ok
fire_system_esp32_107936,fire_system_esp32,telemetry,1769624708983,1769624704983,1769624704983,1769624704983,1769624704983,1769624704983,300,5000,ok
fire_system_esp32_107956,fire_system_esp32,status,1769624709003,1769624705001,1769624705001,1769624705001,1769624705001,1769624705001,300,5000,ok
fire_system_esp32_112936,fire_system_esp32,telemetry,1769624713983,1769624709984,1769624709984,1769624709984,1769624709984,1769624709984,300,5000,ok
fire_system_esp32_112956,fire_system_esp32,status,1769624714003,1769624710001,1769624710001,1769624710001,1769624710001,1769624710001,300,5000,ok
fire_system_esp32_117936,fire_system_esp32,telemetry,1769624718983,1769624714983,1769624714983,1769624714983,1769624714983,1769624714983,300,5000,ok
fire_system_esp32_117956,fire_system_esp32,status,1769624719003,1769624715001,1769624715001,1769624715001,1769624715001,1769624715001,300,5000,ok
fire_system_esp32_122936,fire_system_esp32,telemetry,1769624723983,1769624719984,1769624719984,1769624719984,1769624719984,1769624719984,300,5000,ok
fire_system_esp32_122956,fire_system_esp32,status,1769624724003,1769624720001,1769624720001,1769624720001,1769624720001,1769624720001,300,5000,ok
fire_system_esp32_127936,fire_system_esp32,telemetry,1769624728983,1769624724988,1769624724988,1769624724988,1769624724988,1769624724988,300,5000,ok
fire_system_esp32_127956,fire_system_esp32,status,1769624729003,1769624725001,1769624725001,1769624725001,1769624725001,1769624725001,300,5000,ok
fire_system_esp32_132936,fire_system_esp32,telemetry,1769624733983,1769624729983,1769624729983,1769624729983,1769624729983,1769624729983,300,5000,ok
fire_system_esp32_132956,fire_system_esp32,status,1769624734003,1769624730004,1769624730004,1769624730004,1769624730004,1769624730004,300,5000,ok
fire_system_esp32_137936,fire_system_esp32,telemetry,1769624738983,1769624734987,1769624734987,1769624734987,1769624734987,1769624734987,300,5000,ok
fire_system_esp32_137956,fire_system_esp32,status,1769624739003,1769624735001,1769624735001,1769624735001,1769624735001,1769624735001,300,5000,ok
fire_system_esp32_142936,fire_system_esp32,telemetry,1769624743983,1769624739983,1769624739983,1769624739983,1769624739983,1769624739983,300,5000,ok
fire_system_esp32_142956,fire_system_esp32,status,1769624744003,1769624740001,1769624740001,1769624740001,1769624740001,1769624740001,300,5000,ok
fire_system_esp32_147936,fire_system_esp32,telemetry,1769624748983,1769624744984,1769624744984,1769624744984,1769624744984,1769624744984,300,5000,ok
fire_system_esp32_147956,fire_system_esp32,status,1769624749003,1769624745001,1769624745001,1769624745001,1769624745001,1769624745001,300,5000,ok
fire_system_esp32_152936,fire_system_esp32,telemetry,1769624753983,1769624749982,1769624749982,1769624749982,1769624749982,1769624749982,300,5000,ok
fire_system_esp32_152956,fire_system_esp32,status,1769624754003,1769624750000,1769624750000,1769624750000,1769624750000,1769624750000,300,5000,ok
fire_system_esp32_157936,fire_system_esp32,telemetry,1769624758983,1769624754991,1769624754991,1769624754991,1769624754991,1769624754991,300,5000,ok
fire_system_esp32_157956,fire_system_esp32,status,1769624759003,1769624755003,1769624755004,1769624755004,1769624755004,1769624755004,300,5000,ok
