msg_id,t_db_ack_ms
,1769621343708
,1769621343820
,1769621348042
,1769621348140
,1769621353045
,1769621353147
,1769621358057
,1769621358162
,1769621363036
,1769621363136
,1769621371710
,1769621371814
,1769621373053
,1769621373159
,1769621378029
,1769621378133
,1769621383046
,1769621383144
,1769621388049
,1769621388157
,1769621393052
,1769621393150
,1769621398064
,1769621398163
,1769621403037
,1769621403140
,1769621408032
,1769621408127
,1769621413036
,1769621413128
,1769621418040
,1769621418137
,1769621423040
,1769621423134
,1769621428058
,1769621428161
,1769621433032
,1769621433131
,1769621438032
,1769621438135
,1769621443632
,1769621443732
,1769621448032
,1769621448129
,1769621457545
,1769621457662
,1769621472907
,1769621473089
,1769621476774
,1769621476866
,1769621481758
,1769621481874
,1769621486749
,1769621486843
,1769621491769
,1769621491866
,1769621496760
,1769621496864
,1769621501767
,1769621501870
,1769621506768
,1769621506857
,1769621511759
,1769621511860
,1769621516785
,1769621516882
,1769621521766
,1769621521858
,1769621526748
,1769621526843
,1769621531767
,1769621531861
,1769621536770
,1769621536864
,1769621541777
,1769621541870
,1769621546767
,1769621546879
,1769621551730
,1769621551835
,1769621556772
,1769621556889
,1769621568431
,1769621568526
,1769621573323
,1769621573514
,1769621602857
,1769621602951
,1769621609028
,1769621609211
,1769621612860
,1769621612961
,1769621617942
,1769621618041
,1769621622863
,1769621622965
,1769621627975
,1769621628083
,1769621632980
,1769621633081
,1769621637874
,1769621637965
,1769621642874
,1769621642975
,1769621647864
,1769621647951
,1769621652859
,1769621652954
,1769621657874
,1769621657971
,1769621662871
,1769621662968
,1769621667855
,1769621667946
,1769621672864
,1769621672962
,1769621677776
,1769621677966
,1769621682870
,1769621682968
,1769621690088
,1769621690189
,1769621692860
,1769621692958
,1769621697874
,1769621697970
,1769621702869
,1769621702959
,1769621707858
,1769621707951
,1769621712859
,1769621712946
,1769621717880
,1769621717988
,1769621722778
,1769621722974
,1769621727867
,1769621727968
,1769621732856
,1769621732948
,1769621737781
,1769621737979
,1769621742861
,1769621742956
,1769621747855
,1769621747956
,1769621752872
,1769621752960
,1769621757778
,1769621757980
,1769621762873
,1769621762967
,1769621768255
,1769621768355
,1769621772863
,1769621772977
,1769621777869
,1769621777971
,1769621782883
,1769621782979
,1769621787856
,1769621787951
,1769621792934
,1769621793025
,1769621797862
,1769621797960
,1769621802867
,1769621802969
,1769621807864
,1769621807956
,1769621812855
,1769621812946
,1769621817884
,1769621817977
,1769621822848
,1769621822944
,1769621827857
,1769621827948
,1769621832861
,1769621832950
,1769621837867
,1769621837963
,1769621842822
,1769621843011
,1769621847879
,1769621847970
,1769621852875
,1769621852964
,1769621857943
,1769621858035
,1769621862860
,1769621862955
,1769621867857
,1769621867958
,1769621872856
,1769621872950
,1769621877864
,1769621877971
,1769621882870
,1769621882963
,1769621887851
,1769621887946
,1769621892856
,1769621892944
,1769621903642
,1769621903735
,1769621907897
,1769621908074
,1769621912789
,1769621912965
fire_system_esp32_61886,1769624035593
fire_system_esp32_61906,1769624035705
fire_system_esp32_66886,1769624039840
fire_system_esp32_66906,1769624039939
fire_system_esp32_71886,1769624044832
fire_system_esp32_71906,1769624044922
fire_system_esp32_76886,1769624049822
fire_system_esp32_76906,1769624049919
fire_system_esp32_81886,1769624054819
fire_system_esp32_81906,1769624054907
fire_system_esp32_86886,1769624059821
fire_system_esp32_86906,1769624059919
fire_system_esp32_91886,1769624064820
fire_system_esp32_91906,1769624064909
fire_system_esp32_96886,1769624069818
fire_system_esp32_96906,1769624069908
fire_system_esp32_101886,1769624074824
fire_system_esp32_101906,1769624074914
fire_system_esp32_7886,1769624094816
fire_system_esp32_7886,1769624094999
fire_system_esp32_12886,1769624099897
fire_system_esp32_12906,1769624099990
fire_system_esp32_17886,1769624104875
fire_system_esp32_17906,1769624104968
fire_system_esp32_22906,1769624109870
fire_system_esp32_22886,1769624110056
fire_system_esp32_27886,1769624114887
fire_system_esp32_27906,1769624114983
fire_system_esp32_32886,1769624119890
fire_system_esp32_32906,1769624119987
fire_system_esp32_37886,1769624124884
fire_system_esp32_37906,1769624124970
fire_system_esp32_42886,1769624129885
fire_system_esp32_42906,1769624129986
fire_system_esp32_11896,1769624144078
fire_system_esp32_11906,1769624144170
fire_system_esp32_16896,1769624149066
fire_system_esp32_16916,1769624149148
fire_system_esp32_21896,1769624154061
fire_system_esp32_21916,1769624154154
fire_system_esp32_26896,1769624159078
fire_system_esp32_26916,1769624159170
fire_system_esp32_221906,1769624354868
fire_system_esp32_221926,1769624354989
fire_system_esp32_226906,1769624359119
fire_system_esp32_226926,1769624359224
fire_system_esp32_231906,1769624364110
fire_system_esp32_231926,1769624364224
fire_system_esp32_236906,1769624369111
fire_system_esp32_236926,1769624369221
fire_system_esp32_241906,1769624374110
fire_system_esp32_241926,1769624374218
fire_system_esp32_246906,1769624379111
fire_system_esp32_246926,1769624379216
fire_system_esp32_251906,1769624384115
fire_system_esp32_251926,1769624384223
fire_system_esp32_256906,1769624389097
fire_system_esp32_256926,1769624389203
fire_system_esp32_261906,1769624394118
fire_system_esp32_261926,1769624394222
fire_system_esp32_266906,1769624399107
fire_system_esp32_266926,1769624399225
fire_system_esp32_271906,1769624404096
fire_system_esp32_271926,1769624404204
fire_system_esp32_276906,1769624409092
fire_system_esp32_276926,1769624409189
fire_system_esp32_281906,1769624414100
fire_system_esp32_281926,1769624414197
fire_system_esp32_286906,1769624419105
fire_system_esp32_286926,1769624419206
fire_system_esp32_291906,1769624424100
fire_system_esp32_291926,1769624424203
fire_system_esp32_296906,1769624429091
fire_system_esp32_296926,1769624429190
fire_system_esp32_301906,1769624434097
fire_system_esp32_301926,1769624434191
fire_system_esp32_9896,1769624462179
fire_system_esp32_9906,1769624462284
fire_system_esp32_14896,1769624467162
fire_system_esp32_14916,1769624467265
fire_system_esp32_19896,1769624472177
fire_system_esp32_19916,1769624472274
fire_system_esp32_24896,1769624477186
fire_system_esp32_24916,1769624477293
fire_system_esp32_29896,1769624482163
fire_system_esp32_29916,1769624482260
fire_system_esp32_34896,1769624487191
fire_system_esp32_34916,1769624487287
fire_system_esp32_39896,1769624492169
fire_system_esp32_39916,1769624492277
fire_system_esp32_44896,1769624497183
fire_system_esp32_44916,1769624497282
fire_system_esp32_49896,1769624502182
fire_system_esp32_49916,1769624502287
fire_system_esp32_54896,1769624507180
fire_system_esp32_54916,1769624507281
fire_system_esp32_59896,1769624512178
fire_system_esp32_59916,1769624512281
fire_system_esp32_64896,1769624517185
fire_system_esp32_64916,1769624517287
fire_system_esp32_69896,1769624522170
fire_system_esp32_69916,1769624522274
fire_system_esp32_74896,1769624527197
fire_system_esp32_74916,1769624527298
fire_system_esp32_79896,1769624532173
fire_system_esp32_79916,1769624532267
fire_system_esp32_84896,1769624537174
fire_system_esp32_84916,1769624537277
fire_system_esp32_89896,1769624542174
fire_system_esp32_89916,1769624542276
fire_system_esp32_94896,1769624550830
fire_system_esp32_94916,1769624550930
fire_system_esp32_99896,1769624552182
fire_system_esp32_99916,1769624552284
fire_system_esp32_104896,1769624557181
fire_system_esp32_104916,1769624557281
fire_system_esp32_109896,1769624562194
fire_system_esp32_109916,1769624562292
fire_system_esp32_114896,1769624567178
fire_system_esp32_114916,1769624567273
fire_system_esp32_119896,1769624572170
fire_system_esp32_119916,1769624572266
fire_system_esp32_124916,1769624577163
fire_system_esp32_124896,1769624577361
fire_system_esp32_129896,1769624582181
fire_system_esp32_129916,1769624582279
fire_system_esp32_134896,1769624587171
fire_system_esp32_134916,1769624587264
fire_system_esp32_139896,1769624592239
fire_system_esp32_139916,1769624592504
fire_system_esp32_144896,1769624597177
fire_system_esp32_144916,1769624597273
fire_system_esp32_7926,1769624605380
fire_system_esp32_7926,1769624605474
fire_system_esp32_12926,1769624610219
fire_system_esp32_12946,1769624610314
fire_system_esp32_17926,1769624615172
fire_system_esp32_17946,1769624615273
fire_system_esp32_22926,1769624620186
fire_system_esp32_22946,1769624620283
fire_system_esp32_27926,1769624625174
fire_system_esp32_27946,1769624625269
fire_system_esp32_32926,1769624630173
fire_system_esp32_32946,1769624630275
fire_system_esp32_37926,1769624635182
fire_system_esp32_37946,1769624635281
fire_system_esp32_42926,1769624640177
fire_system_esp32_42946,1769624640274
fire_system_esp32_47926,1769624645180
fire_system_esp32_47946,1769624645280
fire_system_esp32_52936,1769624650190
fire_system_esp32_52946,1769624650288
fire_system_esp32_57936,1769624655184
fire_system_esp32_57946,1769624655287
fire_system_esp32_62936,1769624660194
fire_system_esp32_62956,1769624660300
fire_system_esp32_67936,1769624665189
fire_system_esp32_67956,1769624665297
fire_system_esp32_72936,1769624670199
fire_system_esp32_72956,1769624670304
fire_system_esp32_77936,1769624675196
fire_system_esp32_77956,1769624675290
fire_system_esp32_82936,1769624680196
fire_system_esp32_82956,1769624680302
fire_system_esp32_87936,1769624685304
fire_system_esp32_87956,1769624685414
fire_system_esp32_92936,1769624690187
fire_system_esp32_92956,1769624690290
fire_system_esp32_97936,1769624695195
fire_system_esp32_97956,1769624695297
fire_system_esp32_102936,1769624700185
fire_system_esp32_102956,1769624700281
fire_system_esp32_107936,1769624705189
fire_system_esp32_107956,1769624705288
fire_system_esp32_112936,1769624710183
fire_system_esp32_112956,1769624710279
fire_system_esp32_117936,1769624715182
fire_system_esp32_117956,1769624715274
fire_system_esp32_122936,1769624720184
fire_system_esp32_122956,1769624720279
fire_system_esp32_127936,1769624725193
fire_system_esp32_127956,1769624725288
fire_system_esp32_132936,1769624730189
fire_system_esp32_132956,1769624730296
fire_system_esp32_137936,1769624735187
fire_system_esp32_137956,1769624735286
fire_system_esp32_142936,1769624740181
fire_system_esp32_142956,1769624740281
fire_system_esp32_147936,1769624745182
fire_system_esp32_147956,1769624745276
fire_system_esp32_152936,1769624750202
fire_system_esp32_152956,1769624750302
fire_system_esp32_157936,1769624755211
fire_system_esp32_157956,1769624755306
fire_system_esp32_162936,1769624760191
fire_system_esp32_162956,1769624760294
fire_system_esp32_167936,1769624765191
fire_system_esp32_167956,1769624765288
fire_system_esp32_172936,1769624770190
fire_system_esp32_172956,1769624770291
fire_system_esp32_177936,1769624775186
fire_system_esp32_177956,1769624775291
fire_system_esp32_182936,1769624780177
fire_system_esp32_182956,1769624780271
fire_system_esp32_187936,1769624785195
fire_system_esp32_187956,1769624785298
fire_system_esp32_192936,1769624790195
fire_system_esp32_192956,1769624790294
fire_system_esp32_197936,1769624795188
fire_system_esp32_197956,1769624795282
fire_system_esp32_202936,1769624800195
fire_system_esp32_202956,1769624800294
fire_system_esp32_207936,1769624805202
fire_system_esp32_207956,1769624805296
fire_system_esp32_212936,1769624810181
fire_system_esp32_212956,1769624810277
fire_system_esp32_217936,1769624815180
fire_system_esp32_217956,1769624815270
fire_system_esp32_222936,1769624820182
fire_system_esp32_222956,1769624820291
fire_system_esp32_227936,1769624825190
fire_system_esp32_227956,1769624825294
fire_system_esp32_232936,1769624830178
fire_system_esp32_232956,1769624830274
fire_system_esp32_237936,1769624835180
fire_system_esp32_237956,1769624835274
fire_system_esp32_242936,1769624840196
fire_system_esp32_242956,1769624840310
fire_system_esp32_247936,1769624845189
fire_system_esp32_247956,1769624845295
fire_system_esp32_252936,1769624850196
fire_system_esp32_252956,1769624850295
fire_system_esp32_257936,1769624855191
fire_system_esp32_257956,1769624855284
fire_system_esp32_262936,1769624860194
fire_system_esp32_262956,1769624860292
fire_system_esp32_267936,1769624869872
fire_system_esp32_267956,1769624869970
fire_system_esp32_272956,1769624870105
fire_system_esp32_272936,1769624870300
fire_system_esp32_277936,1769624875172
fire_system_esp32_277956,1769624875267
fire_system_esp32_282936,1769624880186
fire_system_esp32_282956,1769624880285
fire_system_esp32_287936,1769624885184
fire_system_esp32_287956,1769624885296
fire_system_esp32_292936,1769624890196
fire_system_esp32_292956,1769624890287
fire_system_esp32_297936,1769624895199
fire_system_esp32_297956,1769624895297
fire_system_esp32_302936,1769624900181
fire_system_esp32_302956,1769624900289
fire_system_esp32_307936,1769624905201
fire_system_esp32_307956,1769624905300
fire_system_esp32_312936,1769624910199
fire_system_esp32_312956,1769624910298
fire_system_esp32_317936,1769624915200
fire_system_esp32_317956,1769624915298
fire_system_esp32_322936,1769624920203
fire_system_esp32_322956,1769624920320
fire_system_esp32_327936,1769624925190
fire_system_esp32_327956,1769624925292
fire_system_esp32_332936,1769624930186
fire_system_esp32_332956,1769624930284
fire_system_esp32_337936,1769624935182
fire_system_esp32_337956,1769624935284
fire_system_esp32_342936,1769624940191
fire_system_esp32_342956,1769624940296
fire_system_esp32_347936,1769624945191
fire_system_esp32_347956,1769624945287
fire_system_esp32_352936,1769624950198
fire_system_esp32_352956,1769624950292
fire_system_esp32_357936,1769624955185
fire_system_esp32_357956,1769624955283
fire_system_esp32_362936,1769624960186
fire_system_esp32_362956,1769624960280
fire_system_esp32_367936,1769624965191
fire_system_esp32_367956,1769624965297
fire_system_esp32_372936,1769624970204
fire_system_esp32_372956,1769624970306
fire_system_esp32_377936,1769624975406
fire_system_esp32_377956,1769624975513
fire_system_esp32_382936,1769624980199
fire_system_esp32_382956,1769624980298
fire_system_esp32_387936,1769624985184
fire_system_esp32_387956,1769624985282
fire_system_esp32_392936,1769624990180
fire_system_esp32_392956,1769624990276
fire_system_esp32_397936,1769624995189
fire_system_esp32_397956,1769624995288
fire_system_esp32_402936,1769625000192
fire_system_esp32_402956,1769625000289
fire_system_esp32_407936,1769625005189
fire_system_esp32_407956,1769625005284
fire_system_esp32_412936,1769625010185
fire_system_esp32_412956,1769625010286
fire_system_esp32_417936,1769625015192
fire_system_esp32_417956,1769625015293
fire_system_esp32_422936,1769625020196
fire_system_esp32_422956,1769625020291
fire_system_esp32_427936,1769625025192
fire_system_esp32_427956,1769625025290
fire_system_esp32_432936,1769625030188
fire_system_esp32_432956,1769625030289
fire_system_esp32_437936,1769625035180
fire_system_esp32_437956,1769625035278
fire_system_esp32_442936,1769625040185
fire_system_esp32_442956,1769625040296
fire_system_esp32_447936,1769625045577
fire_system_esp32_447956,1769625045671
fire_system_esp32_452936,1769625050186
fire_system_esp32_452956,1769625050286
fire_system_esp32_457936,1769625055188
fire_system_esp32_457956,1769625055288
fire_system_esp32_462936,1769625060201
fire_system_esp32_462956,1769625060298
fire_system_esp32_467936,1769625065182
fire_system_esp32_467956,1769625065280
fire_system_esp32_472936,1769625070183
fire_system_esp32_472956,1769625070280
fire_system_esp32_477936,1769625075184
fire_system_esp32_477956,1769625075290
fire_system_esp32_482936,1769625080196
fire_system_esp32_482956,1769625080303
fire_system_esp32_487936,1769625085195
fire_system_esp32_487956,1769625085293
fire_system_esp32_492936,1769625090192
fire_system_esp32_492956,1769625090291
fire_system_esp32_497936,1769625095192
fire_system_esp32_497956,1769625095293
fire_system_esp32_502936,1769625100200
fire_system_esp32_502956,1769625100301
fire_system_esp32_507936,1769625105179
fire_system_esp32_507956,1769625105276
fire_system_esp32_512936,1769625110185
fire_system_esp32_512956,1769625110277
fire_system_esp32_517936,1769625115169
fire_system_esp32_517956,1769625115266
fire_system_esp32_522936,1769625120180
fire_system_esp32_522956,1769625120284
fire_system_esp32_527936,1769625125193
fire_system_esp32_527956,1769625125287
fire_system_esp32_532936,1769625130185
fire_system_esp32_532956,1769625130282
fire_system_esp32_537936,1769625135176
fire_system_esp32_537956,1769625135274
fire_system_esp32_542936,1769625140194
fire_system_esp32_542956,1769625140293
fire_system_esp32_547946,1769625145184
fire_system_esp32_547956,1769625145286
fire_system_esp32_552946,1769625150186
fire_system_esp32_552966,1769625150281
fire_system_esp32_557946,1769625155192
fire_system_esp32_557966,1769625155292
fire_system_esp32_562946,1769625160201
fire_system_esp32_562966,1769625160306
fire_system_esp32_567946,1769625165194
fire_system_esp32_687946,1769625285212
fire_system_esp32_687976,1769625285319
fire_system_esp32_692946,1769625290201
fire_system_esp32_692976,1769625290296
fire_system_esp32_697946,1769625295203
fire_system_esp32_697976,1769625295303
fire_system_esp32_702946,1769625300190
fire_system_esp32_702976,1769625300284
fire_system_esp32_707946,1769625305183
fire_system_esp32_707976,1769625305279
fire_system_esp32_712946,1769625310185
fire_system_esp32_712976,1769625310284
fire_system_esp32_717946,1769625315181
fire_system_esp32_717976,1769625315278
fire_system_esp32_722946,1769625320204
fire_system_esp32_722976,1769625320313
fire_system_esp32_727946,1769625325189
fire_system_esp32_727976,1769625325285
fire_system_esp32_732946,1769625330201
fire_system_esp32_732976,1769625330297
fire_system_esp32_737976,1769625335124
fire_system_esp32_737946,1769625335319
fire_system_esp32_742946,1769625340193
fire_system_esp32_742976,1769625340291
fire_system_esp32_747946,1769625345181
fire_system_esp32_747976,1769625345278
fire_system_esp32_752946,1769625350195
fire_system_esp32_752976,1769625350290
fire_system_esp32_757946,1769625355181
fire_system_esp32_757976,1769625355276
fire_system_esp32_762946,1769625360192
fire_system_esp32_762976,1769625360291
fire_system_esp32_767946,1769625365204
fire_system_esp32_767976,1769625365316
fire_system_esp32_13039,1769703220598
fire_system_esp32_13049,1769703220619
fire_system_esp32_18039,1769703225592
fire_system_esp32_18059,1769703225613
fire_system_esp32_23039,1769703230588
fire_system_esp32_23059,1769703230608
fire_system_esp32_28039,1769703235575
fire_system_esp32_28069,1769703235596
fire_system_esp32_33039,1769703240579
fire_system_esp32_33069,1769703240600
fire_system_esp32_38039,1769703245571
fire_system_esp32_38069,1769703245592
fire_system_esp32_43039,1769703250578
fire_system_esp32_43069,1769703250599
fire_system_esp32_48039,1769703255580
fire_system_esp32_48069,1769703255601
fire_system_esp32_53039,1769703260577
fire_system_esp32_53069,1769703260598
fire_system_esp32_58039,1769703265577
fire_system_esp32_58069,1769703265598
fire_system_esp32_63039,1769703270579
fire_system_esp32_63069,1769703270599
fire_system_esp32_68039,1769703275573
fire_system_esp32_68069,1769703275593
fire_system_esp32_73039,1769703280571
fire_system_esp32_73069,1769703280592
fire_system_esp32_78039,1769703285581
fire_system_esp32_78069,1769703285602
fire_system_esp32_83039,1769703290580
fire_system_esp32_83069,1769703290601
fire_system_esp32_88039,1769703295576
fire_system_esp32_88069,1769703295596
fire_system_esp32_93039,1769703300571
fire_system_esp32_93069,1769703300592
fire_system_esp32_98039,1769703305577
fire_system_esp32_98069,1769703305598
fire_system_esp32_103039,1769703310578
fire_system_esp32_103069,1769703310600
fire_system_esp32_108039,1769703315579
fire_system_esp32_108069,1769703315600
fire_system_esp32_113039,1769703320572
fire_system_esp32_113069,1769703320593
fire_system_esp32_118039,1769703325579
fire_system_esp32_118069,1769703325601
fire_system_esp32_123039,1769703330578
fire_system_esp32_123069,1769703330598
fire_system_esp32_128039,1769703335577
fire_system_esp32_128069,1769703335598
fire_system_esp32_133039,1769703340574
fire_system_esp32_133069,1769703340595
fire_system_esp32_138039,1769703345572
fire_system_esp32_138069,1769703345593
fire_system_esp32_143039,1769703350581
fire_system_esp32_143069,1769703350603
fire_system_esp32_148039,1769703355573
fire_system_esp32_148069,1769703355593
fire_system_esp32_153039,1769703360591
fire_system_esp32_153069,1769703360611
fire_system_esp32_158039,1769703365576
fire_system_esp32_158069,1769703365600
fire_system_esp32_163039,1769703370571
fire_system_esp32_163069,1769703370592
fire_system_esp32_168039,1769703375584
fire_system_esp32_168069,1769703375605
fire_system_esp32_173069,1769703380581
fire_system_esp32_173039,1769703380622
fire_system_esp32_178039,1769703385581
fire_system_esp32_178069,1769703385602
fire_system_esp32_183049,1769703390587
fire_system_esp32_183069,1769703390608
fire_system_esp32_188049,1769703395589
fire_system_esp32_188069,1769703395610
fire_system_esp32_193049,1769703400579
fire_system_esp32_193069,1769703400600
fire_system_esp32_198069,1769703405578
fire_system_esp32_198049,1769703405619
fire_system_esp32_203049,1769703410593
fire_system_esp32_203069,1769703410614
fire_system_esp32_208049,1769703415581
fire_system_esp32_208069,1769703415601
fire_system_esp32_213049,1769703420590
fire_system_esp32_213069,1769703420612
fire_system_esp32_218049,1769703425584
fire_system_esp32_218069,1769703425605
fire_system_esp32_223049,1769703430585
fire_system_esp32_223069,1769703430606
fire_system_esp32_228049,1769703435588
fire_system_esp32_228069,1769703435608
fire_system_esp32_233049,1769703440589
fire_system_esp32_233069,1769703440609
fire_system_esp32_238049,1769703445580
fire_system_esp32_238069,1769703445601
fire_system_esp32_243049,1769703450581
fire_system_esp32_243069,1769703450602
fire_system_esp32_248049,1769703455582
fire_system_esp32_248069,1769703455604
fire_system_esp32_253049,1769703460578
fire_system_esp32_253069,1769703460599
fire_system_esp32_258049,1769703465588
fire_system_esp32_258069,1769703465609
fire_system_esp32_263049,1769703470577
fire_system_esp32_263069,1769703470597
fire_system_esp32_268049,1769703475592
fire_system_esp32_268069,1769703475613
fire_system_esp32_273049,1769703480582
fire_system_esp32_273069,1769703480603
fire_system_esp32_278049,1769703485580
fire_system_esp32_278069,1769703485600
fire_system_esp32_283049,1769703490584
fire_system_esp32_283069,1769703490605
fire_system_esp32_288049,1769703495592
fire_system_esp32_288079,1769703495613
fire_system_esp32_293049,1769703500584
fire_system_esp32_293079,1769703500604
fire_system_esp32_298049,1769703505591
fire_system_esp32_298079,1769703505612
fire_system_esp32_303049,1769703510588
fire_system_esp32_303079,1769703510609
fire_system_esp32_308049,1769703515584
fire_system_esp32_308079,1769703515605
fire_system_esp32_313049,1769703520578
fire_system_esp32_313079,1769703520599
fire_system_esp32_318049,1769703525579
fire_system_esp32_318079,1769703525600
fire_system_esp32_323049,1769703530586
fire_system_esp32_323079,1769703530607
fire_system_esp32_328049,1769703535591
fire_system_esp32_328079,1769703535612
fire_system_esp32_333049,1769703540579
fire_system_esp32_333079,1769703540599
fire_system_esp32_338049,1769703545625
fire_system_esp32_338079,1769703545648
fire_system_esp32_343049,1769703550579
fire_system_esp32_343079,1769703550600
fire_system_esp32_348079,1769703556831
fire_system_esp32_348049,1769703556872
fire_system_esp32_353049,1769703560584
fire_system_esp32_353079,1769703560793
fire_system_esp32_358049,1769703565589
fire_system_esp32_358079,1769703565610
fire_system_esp32_363049,1769703570595
fire_system_esp32_363079,1769703570616
fire_system_esp32_368049,1769703575581
fire_system_esp32_368079,1769703575602
fire_system_esp32_373049,1769703580585
fire_system_esp32_373079,1769703580606
fire_system_esp32_378049,1769703585577
fire_system_esp32_378079,1769703585597
fire_system_esp32_383049,1769703590580
fire_system_esp32_383079,1769703590601
fire_system_esp32_388079,1769703595634
fire_system_esp32_388059,1769703595675
fire_system_esp32_393059,1769703600592
fire_system_esp32_393079,1769703600613
fire_system_esp32_398059,1769703605589
fire_system_esp32_398079,1769703605609
fire_system_esp32_403059,1769703610593
fire_system_esp32_403079,1769703610614
fire_system_esp32_408069,1769703615603
fire_system_esp32_408079,1769703615624
fire_system_esp32_413069,1769703620599
fire_system_esp32_413089,1769703620619
fire_system_esp32_418069,1769703625604
fire_system_esp32_418089,1769703625625
fire_system_esp32_423069,1769703630600
fire_system_esp32_423089,1769703630621
fire_system_esp32_428069,1769703635605
fire_system_esp32_428089,1769703635626
fire_system_esp32_433069,1769703640600
fire_system_esp32_433089,1769703640621
fire_system_esp32_438069,1769703645604
fire_system_esp32_438089,1769703645625
fire_system_esp32_443069,1769703650603
fire_system_esp32_443089,1769703650623
fire_system_esp32_448069,1769703655606
fire_system_esp32_448089,1769703655626
fire_system_esp32_453069,1769703660614
fire_system_esp32_453089,1769703660635
fire_system_esp32_458069,1769703665603
fire_system_esp32_458099,1769703665624
fire_system_esp32_463069,1769703670598
fire_system_esp32_463099,1769703670619
fire_system_esp32_468069,1769703675599
fire_system_esp32_468099,1769703675620
fire_system_esp32_473069,1769703680599
fire_system_esp32_473099,1769703680620
fire_system_esp32_478069,1769703685604
fire_system_esp32_478099,1769703685625
fire_system_esp32_483069,1769703690606
fire_system_esp32_483099,1769703690627
fire_system_esp32_6208,1769703700788
fire_system_esp32_6208,1769703700808
fire_system_esp32_5968,1769703710629
fire_system_esp32_5978,1769703710711
fire_system_esp32_6008,1769703720546
fire_system_esp32_6008,1769703720566
fire_system_esp32_11008,1769703725556
fire_system_esp32_11028,1769703726820
fire_system_esp32_16018,1769703730621
fire_system_esp32_16028,1769703730776
fire_system_esp32_21028,1769703735573
fire_system_esp32_21018,1769703735615
fire_system_esp32_26018,1769703740552
fire_system_esp32_26028,1769703740572
fire_system_esp32_31018,1769703745555
fire_system_esp32_31038,1769703745617
fire_system_esp32_36018,1769703750559
fire_system_esp32_36038,1769703750580
fire_system_esp32_41018,1769703755561
fire_system_esp32_41038,1769703755582
fire_system_esp32_46038,1769703760648
fire_system_esp32_46018,1769703760689
fire_system_esp32_51018,1769703765555
fire_system_esp32_51038,1769703765690
fire_system_esp32_56018,1769703770557
fire_system_esp32_56038,1769703770578
fire_system_esp32_61018,1769703775561
fire_system_esp32_61038,1769703775582
fire_system_esp32_66018,1769703780554
fire_system_esp32_66038,1769703780574
fire_system_esp32_71018,1769703785556
fire_system_esp32_71038,1769703785577
fire_system_esp32_76018,1769703790560
fire_system_esp32_76038,1769703790581
fire_system_esp32_81018,1769703795556
fire_system_esp32_81038,1769703795607
fire_system_esp32_86018,1769703800624
fire_system_esp32_86038,1769703800645
fire_system_esp32_91018,1769703805565
fire_system_esp32_91038,1769703805586
fire_system_esp32_96038,1769703810598
fire_system_esp32_96018,1769703810639
fire_system_esp32_101018,1769703815565
fire_system_esp32_101038,1769703815586
fire_system_esp32_106018,1769703820553
fire_system_esp32_106038,1769703820616
fire_system_esp32_111018,1769703825561
fire_system_esp32_111038,1769703825581
fire_system_esp32_116018,1769703830554
fire_system_esp32_116038,1769703830575
fire_system_esp32_121018,1769703835556
fire_system_esp32_121038,1769703835577
fire_system_esp32_126018,1769703840553
fire_system_esp32_126038,1769703840574
fire_system_esp32_131018,1769703845552
fire_system_esp32_131038,1769703845573
fire_system_esp32_136018,1769703850550
fire_system_esp32_136038,1769703850571
fire_system_esp32_141018,1769703855553
fire_system_esp32_141038,1769703855574
fire_system_esp32_146018,1769703860556
fire_system_esp32_146038,1769703860577
fire_system_esp32_151018,1769703865552
fire_system_esp32_151038,1769703865574
fire_system_esp32_156018,1769703870552
fire_system_esp32_156038,1769703870573
fire_system_esp32_161018,1769703875558
fire_system_esp32_161038,1769703875579
fire_system_esp32_166018,1769703880554
fire_system_esp32_166038,1769703880574
fire_system_esp32_171018,1769703885553
fire_system_esp32_171038,1769703885574
fire_system_esp32_176018,1769703890561
fire_system_esp32_176038,1769703890581
fire_system_esp32_181018,1769703895553
fire_system_esp32_181038,1769703895574
fire_system_esp32_186018,1769703900562
fire_system_esp32_186038,1769703900583
fire_system_esp32_191018,1769703905556
fire_system_esp32_191038,1769703905577
fire_system_esp32_196018,1769703910551
fire_system_esp32_196038,1769703910571
fire_system_esp32_201018,1769703915554
fire_system_esp32_201038,1769703915575
fire_system_esp32_206018,1769703920549
fire_system_esp32_206038,1769703920570
fire_system_esp32_211018,1769703925552
fire_system_esp32_211038,1769703925572
fire_system_esp32_216018,1769703930552
fire_system_esp32_216038,1769703930573
fire_system_esp32_221018,1769703935556
fire_system_esp32_221038,1769703935576
fire_system_esp32_226038,1769703940551
fire_system_esp32_226018,1769703940594
fire_system_esp32_231018,1769703945558
fire_system_esp32_231038,1769703945579
fire_system_esp32_236018,1769703950552
fire_system_esp32_236038,1769703950573
fire_system_esp32_241018,1769703955555
fire_system_esp32_241038,1769703955576
fire_system_esp32_246018,1769703960555
fire_system_esp32_246038,1769703960575
fire_system_esp32_251018,1769703965564
fire_system_esp32_251038,1769703965586
fire_system_esp32_256018,1769703970559
fire_system_esp32_256048,1769703970580
fire_system_esp32_261018,1769703975559
fire_system_esp32_261048,1769703975579
fire_system_esp32_266018,1769703980556
fire_system_esp32_266048,1769703980577
fire_system_esp32_271018,1769703985559
fire_system_esp32_271048,1769703985580
fire_system_esp32_276018,1769703990555
fire_system_esp32_276048,1769703990575
fire_system_esp32_281018,1769703995556
fire_system_esp32_281048,1769703995577
fire_system_esp32_286018,1769704000551
fire_system_esp32_286048,1769704000572
fire_system_esp32_291018,1769704005555
fire_system_esp32_291048,1769704005576
fire_system_esp32_296018,1769704010554
fire_system_esp32_296048,1769704010575
fire_system_esp32_301018,1769704015552
fire_system_esp32_301048,1769704015573
fire_system_esp32_306018,1769704020550
fire_system_esp32_306048,1769704020571
fire_system_esp32_311018,1769704025549
fire_system_esp32_311048,1769704025570
fire_system_esp32_316018,1769704030553
fire_system_esp32_316048,1769704030574
fire_system_esp32_321018,1769704035556
fire_system_esp32_321048,1769704035577
fire_system_esp32_326018,1769704040553
fire_system_esp32_326048,1769704040574
fire_system_esp32_331018,1769704045557
fire_system_esp32_331048,1769704045577
fire_system_esp32_336018,1769704050558
fire_system_esp32_336048,1769704050579
fire_system_esp32_341018,1769704055556
fire_system_esp32_341048,1769704055577
fire_system_esp32_346018,1769704060561
fire_system_esp32_346048,1769704060582
fire_system_esp32_351018,1769704065556
fire_system_esp32_351048,1769704065578
fire_system_esp32_356018,1769704070557
fire_system_esp32_356048,1769704070578
fire_system_esp32_361018,1769704075563
fire_system_esp32_361048,1769704075584
fire_system_esp32_366018,1769704080553
fire_system_esp32_366048,1769704080574
fire_system_esp32_371018,1769704085562
fire_system_esp32_371048,1769704085582
fire_system_esp32_376018,1769704090560
fire_system_esp32_376048,1769704090581
fire_system_esp32_381018,1769704095561
fire_system_esp32_381048,1769704095582
fire_system_esp32_386018,1769704100783
fire_system_esp32_386048,1769704100846
fire_system_esp32_391018,1769704105554
fire_system_esp32_391048,1769704105575
fire_system_esp32_396028,1769704110569
fire_system_esp32_396048,1769704110590
fire_system_esp32_401028,1769704115566
fire_system_esp32_401048,1769704115587
fire_system_esp32_406028,1769704120559
fire_system_esp32_406058,1769704120580
fire_system_esp32_411028,1769704125561
fire_system_esp32_411058,1769704125582
fire_system_esp32_416028,1769704130576
fire_system_esp32_416058,1769704130597
fire_system_esp32_421028,1769704135565
fire_system_esp32_421058,1769704135586
fire_system_esp32_426028,1769704140558
fire_system_esp32_426058,1769704140579
fire_system_esp32_431028,1769704145563
fire_system_esp32_431058,1769704145584
fire_system_esp32_436028,1769704150568
fire_system_esp32_436058,1769704150588
fire_system_esp32_441028,1769704155566
fire_system_esp32_441058,1769704155587
fire_system_esp32_446028,1769704160567
fire_system_esp32_446058,1769704160588
fire_system_esp32_451028,1769704165567
fire_system_esp32_451058,1769704165588
fire_system_esp32_456038,1769704170573
fire_system_esp32_456058,1769704170594
fire_system_esp32_461038,1769704175572
fire_system_esp32_461058,1769704175593
fire_system_esp32_466038,1769704180568
fire_system_esp32_466058,1769704180589
fire_system_esp32_471038,1769704185573
fire_system_esp32_471058,1769704185594
fire_system_esp32_476038,1769704190569
fire_system_esp32_476058,1769704190589
fire_system_esp32_481038,1769704195576
fire_system_esp32_481058,1769704195596
fire_system_esp32_486038,1769704200576
fire_system_esp32_486058,1769704200596
fire_system_esp32_491038,1769704205573
fire_system_esp32_491058,1769704205594
fire_system_esp32_7949,1769704216674
fire_system_esp32_7959,1769704216695
fire_system_esp32_12969,1769704221672
fire_system_esp32_12949,1769704221714
fire_system_esp32_17949,1769704226682
fire_system_esp32_17969,1769704226702
fire_system_esp32_22949,1769704231673
fire_system_esp32_22969,1769704231694
fire_system_esp32_27949,1769704236677
fire_system_esp32_27969,1769704236698
fire_system_esp32_32949,1769704241675
fire_system_esp32_32969,1769704241696
fire_system_esp32_37949,1769704246674
fire_system_esp32_37969,1769704246695
fire_system_esp32_42949,1769704251677
fire_system_esp32_42969,1769704251740
fire_system_esp32_47949,1769704256743
fire_system_esp32_47969,1769704256794
fire_system_esp32_52949,1769704261682
fire_system_esp32_52969,1769704261703
fire_system_esp32_57949,1769704266682
fire_system_esp32_57969,1769704266702
fire_system_esp32_62949,1769704271676
fire_system_esp32_62969,1769704271749
fire_system_esp32_67949,1769704276674
fire_system_esp32_67969,1769704276695
fire_system_esp32_72949,1769704281685
fire_system_esp32_72969,1769704281706
fire_system_esp32_77949,1769704286700
fire_system_esp32_77969,1769704286784
fire_system_esp32_82949,1769704291678
fire_system_esp32_82969,1769704291700
fire_system_esp32_87949,1769704296673
fire_system_esp32_87969,1769704296694
fire_system_esp32_92969,1769704301737
fire_system_esp32_92949,1769704301801
fire_system_esp32_97949,1769704306682
fire_system_esp32_97969,1769704306703
fire_system_esp32_102949,1769704311672
fire_system_esp32_102969,1769704311694
fire_system_esp32_107949,1769704316677
fire_system_esp32_107969,1769704316698
fire_system_esp32_112949,1769704321676
fire_system_esp32_112969,1769704321697
fire_system_esp32_117949,1769704326676
fire_system_esp32_117969,1769704326846
fire_system_esp32_122949,1769704331891
fire_system_esp32_122969,1769704332026
fire_system_esp32_127949,1769704336679
fire_system_esp32_127969,1769704336781
fire_system_esp32_132959,1769704342934
fire_system_esp32_132969,1769704344390
fire_system_esp32_132959,1769704344431
fire_system_esp32_137969,1769704346669
fire_system_esp32_137959,1769704346710
fire_system_esp32_142969,1769704351672
fire_system_esp32_142959,1769704351713
fire_system_esp32_147959,1769704356689
fire_system_esp32_147969,1769704356710
fire_system_esp32_152959,1769704361683
fire_system_esp32_152969,1769704361704
fire_system_esp32_157959,1769704366679
fire_system_esp32_157969,1769704366700
fire_system_esp32_162959,1769704371680
fire_system_esp32_162969,1769704371700
fire_system_esp32_167959,1769704376680
fire_system_esp32_167979,1769704376701
fire_system_esp32_172959,1769704381688
fire_system_esp32_172979,1769704381709
fire_system_esp32_177959,1769704386690
fire_system_esp32_177979,1769704386711
fire_system_esp32_182959,1769704391682
fire_system_esp32_182979,1769704391703
fire_system_esp32_187959,1769704396684
fire_system_esp32_187979,1769704396705
fire_system_esp32_192959,1769704401684
fire_system_esp32_192979,1769704401705
fire_system_esp32_197959,1769704406682
fire_system_esp32_197979,1769704406703
fire_system_esp32_202959,1769704411691
fire_system_esp32_202979,1769704411711
fire_system_esp32_207959,1769704416685
fire_system_esp32_207979,1769704416706
fire_system_esp32_212959,1769704421691
fire_system_esp32_212979,1769704421712
fire_system_esp32_217959,1769704426693
fire_system_esp32_217989,1769704426714
fire_system_esp32_222969,1769704431700
fire_system_esp32_222989,1769704431721
fire_system_esp32_227969,1769704436698
fire_system_esp32_227989,1769704436719
fire_system_esp32_232969,1769704441691
fire_system_esp32_232989,1769704441711
fire_system_esp32_237969,1769704446696
fire_system_esp32_237989,1769704446716
fire_system_esp32_242969,1769704451697
fire_system_esp32_242989,1769704451717
fire_system_esp32_247969,1769704456695
fire_system_esp32_247989,1769704456716
fire_system_esp32_252969,1769704461692
fire_system_esp32_252989,1769704461713
fire_system_esp32_257969,1769704466697
fire_system_esp32_257989,1769704466718
fire_system_esp32_262969,1769704471699
fire_system_esp32_262989,1769704471720
fire_system_esp32_267969,1769704476696
fire_system_esp32_267989,1769704476716
fire_system_esp32_272969,1769704481697
fire_system_esp32_272989,1769704481718
fire_system_esp32_277969,1769704486696
fire_system_esp32_277989,1769704486717
fire_system_esp32_282969,1769704491698
fire_system_esp32_282989,1769704491719
fire_system_esp32_287969,1769704496702
fire_system_esp32_287989,1769704496725
fire_system_esp32_292969,1769704501692
fire_system_esp32_292989,1769704501712
fire_system_esp32_297969,1769704506695
fire_system_esp32_297989,1769704506715
fire_system_esp32_302969,1769704511693
fire_system_esp32_302989,1769704511715
fire_system_esp32_307969,1769704516693
fire_system_esp32_307989,1769704516713
fire_system_esp32_312969,1769704521692
fire_system_esp32_312989,1769704521713
fire_system_esp32_317969,1769704526696
fire_system_esp32_317989,1769704526717
fire_system_esp32_322969,1769704531692
fire_system_esp32_322989,1769704531713
fire_system_esp32_327969,1769704536717
fire_system_esp32_327989,1769704536738
fire_system_esp32_332969,1769704541715
fire_system_esp32_332989,1769704541736
fire_system_esp32_337969,1769704546698
fire_system_esp32_337989,1769704546719
fire_system_esp32_342979,1769704551698
fire_system_esp32_342989,1769704551720
fire_system_esp32_347979,1769704556700
fire_system_esp32_347989,1769704556721
fire_system_esp32_352979,1769704561710
fire_system_esp32_352999,1769704561730
fire_system_esp32_357979,1769704566707
fire_system_esp32_357999,1769704566728
fire_system_esp32_362979,1769704571706
fire_system_esp32_362999,1769704571727
fire_system_esp32_367979,1769704576707
fire_system_esp32_367999,1769704576728
fire_system_esp32_372989,1769704581713
fire_system_esp32_372999,1769704581734
fire_system_esp32_377989,1769704586718
fire_system_esp32_377999,1769704586739
fire_system_esp32_382989,1769704591711
fire_system_esp32_383009,1769704591732
fire_system_esp32_387989,1769704596712
fire_system_esp32_388009,1769704596733
fire_system_esp32_392989,1769704601708
fire_system_esp32_393009,1769704601728
fire_system_esp32_397989,1769704606711
fire_system_esp32_398009,1769704606732
fire_system_esp32_402989,1769704611724
fire_system_esp32_403009,1769704611745
fire_system_esp32_407989,1769704616713
fire_system_esp32_408019,1769704616740
fire_system_esp32_412989,1769704621716
fire_system_esp32_413019,1769704621737
fire_system_esp32_417989,1769704626716
fire_system_esp32_418019,1769704626737
fire_system_esp32_422989,1769704631710
fire_system_esp32_423019,1769704631731
fire_system_esp32_427989,1769704636711
fire_system_esp32_428019,1769704636732
fire_system_esp32_432989,1769704641717
fire_system_esp32_433019,1769704641738
fire_system_esp32_437989,1769704646708
fire_system_esp32_438019,1769704646729
fire_system_esp32_442989,1769704651716
fire_system_esp32_443019,1769704651736
fire_system_esp32_447989,1769704656716
fire_system_esp32_448019,1769704656737
fire_system_esp32_452989,1769704661711
fire_system_esp32_453019,1769704661732
fire_system_esp32_457989,1769704666712
fire_system_esp32_458019,1769704666733
fire_system_esp32_462999,1769704671726
fire_system_esp32_463019,1769704671747
fire_system_esp32_467999,1769704676739
fire_system_esp32_468019,1769704676760
fire_system_esp32_472999,1769704681722
fire_system_esp32_473019,1769704681742
fire_system_esp32_477999,1769704686750
fire_system_esp32_478019,1769704686771
fire_system_esp32_482999,1769704691733
fire_system_esp32_483019,1769704691754
fire_system_esp32_487999,1769704696721
fire_system_esp32_488019,1769704696742
fire_system_esp32_492999,1769704701717
fire_system_esp32_493019,1769704701738
fire_system_esp32_6208,1769704711619
fire_system_esp32_6218,1769704711661
fire_system_esp32_6038,1769704721292
fire_system_esp32_6028,1769704721334
fire_system_esp32_5938,1769704731384
fire_system_esp32_5948,1769704731404
fire_system_esp32_10938,1769704736383
fire_system_esp32_10958,1769704737597
fire_system_esp32_15938,1769704741379
fire_system_esp32_15958,1769704741400
fire_system_esp32_20938,1769704746384
fire_system_esp32_20958,1769704746405
fire_system_esp32_25938,1769704751383
fire_system_esp32_25958,1769704751404
fire_system_esp32_30938,1769704756380
fire_system_esp32_30958,1769704756401
fire_system_esp32_35938,1769704761379
fire_system_esp32_35958,1769704761400
fire_system_esp32_40938,1769704766386
fire_system_esp32_40958,1769704766406
fire_system_esp32_45938,1769704771385
fire_system_esp32_45958,1769704771406
fire_system_esp32_50938,1769704776384
fire_system_esp32_50958,1769704776405
fire_system_esp32_55938,1769704781382
fire_system_esp32_55958,1769704781403
fire_system_esp32_60938,1769704786382
fire_system_esp32_60958,1769704786403
fire_system_esp32_65938,1769704791383
fire_system_esp32_65958,1769704791404
fire_system_esp32_70938,1769704796379
fire_system_esp32_70958,1769704796400
fire_system_esp32_75938,1769704801379
fire_system_esp32_75958,1769704801400
fire_system_esp32_80938,1769704806385
fire_system_esp32_80958,1769704806406
fire_system_esp32_85938,1769704811383
fire_system_esp32_85958,1769704811404
fire_system_esp32_90938,1769704816382
fire_system_esp32_90958,1769704816403
fire_system_esp32_95938,1769704821387
fire_system_esp32_95958,1769704821408
fire_system_esp32_100938,1769704826379
fire_system_esp32_100958,1769704826399
fire_system_esp32_105938,1769704831383
fire_system_esp32_105958,1769704831403
fire_system_esp32_110938,1769704836387
fire_system_esp32_110958,1769704836407
fire_system_esp32_115938,1769704841377
fire_system_esp32_115958,1769704841398
fire_system_esp32_120938,1769704846385
fire_system_esp32_120958,1769704846406
fire_system_esp32_125938,1769704851378
fire_system_esp32_125958,1769704851398
fire_system_esp32_130938,1769704856383
fire_system_esp32_130958,1769704856404
fire_system_esp32_135938,1769704861383
fire_system_esp32_135958,1769704861404
fire_system_esp32_140938,1769704866382
fire_system_esp32_140958,1769704866403
fire_system_esp32_145938,1769704871381
fire_system_esp32_145958,1769704871402
fire_system_esp32_150938,1769704876381
fire_system_esp32_150958,1769704876402
fire_system_esp32_155938,1769704881391
fire_system_esp32_155958,1769704881412
fire_system_esp32_160938,1769704886384
fire_system_esp32_160958,1769704886404
fire_system_esp32_165938,1769704891385
fire_system_esp32_165958,1769704891406
fire_system_esp32_170948,1769704896391
fire_system_esp32_170958,1769704896412
fire_system_esp32_175948,1769704901395
fire_system_esp32_175958,1769704901415
fire_system_esp32_180948,1769704906388
fire_system_esp32_180968,1769704906409
fire_system_esp32_185948,1769704911386
fire_system_esp32_185968,1769704911406
fire_system_esp32_190948,1769704916387
fire_system_esp32_190968,1769704916408
fire_system_esp32_195948,1769704921385
fire_system_esp32_195968,1769704921406
fire_system_esp32_200948,1769704926387
fire_system_esp32_200968,1769704926408
fire_system_esp32_205948,1769704931391
fire_system_esp32_205968,1769704931412
fire_system_esp32_210948,1769704936389
fire_system_esp32_210968,1769704936409
fire_system_esp32_215948,1769704941390
fire_system_esp32_215968,1769704941411
fire_system_esp32_220958,1769704946401
fire_system_esp32_220968,1769704946421
fire_system_esp32_225958,1769704951394
fire_system_esp32_225978,1769704951415
fire_system_esp32_230958,1769704956412
fire_system_esp32_230978,1769704956432
fire_system_esp32_235958,1769704961402
fire_system_esp32_235978,1769704961423
fire_system_esp32_240958,1769704966398
fire_system_esp32_240978,1769704966418
fire_system_esp32_245958,1769704971406
fire_system_esp32_245978,1769704971428
fire_system_esp32_250958,1769704976403
fire_system_esp32_250978,1769704976423
fire_system_esp32_255958,1769704981399
fire_system_esp32_255978,1769704981420
fire_system_esp32_260958,1769704986401
fire_system_esp32_260978,1769704986422
fire_system_esp32_265958,1769704991395
fire_system_esp32_265978,1769704991416
fire_system_esp32_270958,1769704996397
fire_system_esp32_270978,1769704996418
fire_system_esp32_275958,1769705001397
fire_system_esp32_275978,1769705001418
fire_system_esp32_280958,1769705006402
fire_system_esp32_280978,1769705006423
fire_system_esp32_285958,1769705011398
fire_system_esp32_285978,1769705011420
fire_system_esp32_290958,1769705016397
fire_system_esp32_290978,1769705016471
fire_system_esp32_295958,1769705021457
fire_system_esp32_295978,1769705021478
fire_system_esp32_300958,1769705026467
fire_system_esp32_300978,1769705026488
fire_system_esp32_305958,1769705031396
fire_system_esp32_305978,1769705031417
fire_system_esp32_310958,1769705036402
fire_system_esp32_310978,1769705036422
fire_system_esp32_315958,1769705041398
fire_system_esp32_315978,1769705041419
fire_system_esp32_320958,1769705046401
fire_system_esp32_320978,1769705046421
fire_system_esp32_325958,1769705051401
fire_system_esp32_325978,1769705051421
fire_system_esp32_330958,1769705056415
fire_system_esp32_330978,1769705056436
fire_system_esp32_335958,1769705061407
fire_system_esp32_335978,1769705061428
fire_system_esp32_340958,1769705066406
fire_system_esp32_340978,1769705066427
fire_system_esp32_345958,1769705071402
fire_system_esp32_345978,1769705071423
fire_system_esp32_350958,1769705076400
fire_system_esp32_350978,1769705076421
fire_system_esp32_355958,1769705081397
fire_system_esp32_355978,1769705081418
fire_system_esp32_360958,1769705086411
fire_system_esp32_360978,1769705086432
fire_system_esp32_365958,1769705091407
fire_system_esp32_365978,1769705091427
fire_system_esp32_370958,1769705096398
fire_system_esp32_370978,1769705096419
fire_system_esp32_375958,1769705101398
fire_system_esp32_375978,1769705101419
fire_system_esp32_380968,1769705106406
fire_system_esp32_380978,1769705106427
fire_system_esp32_385968,1769705111551
fire_system_esp32_385978,1769705111571
fire_system_esp32_390978,1769705116396
fire_system_esp32_390968,1769705116438
fire_system_esp32_395968,1769705121412
fire_system_esp32_395978,1769705121433
fire_system_esp32_400968,1769705126405
fire_system_esp32_400988,1769705126426
fire_system_esp32_405968,1769705131403
fire_system_esp32_405988,1769705131423
fire_system_esp32_410968,1769705136410
fire_system_esp32_410988,1769705136431
fire_system_esp32_415968,1769705141403
fire_system_esp32_415988,1769705141423
fire_system_esp32_420968,1769705146409
fire_system_esp32_420988,1769705146631
fire_system_esp32_425968,1769705151404
fire_system_esp32_425988,1769705151426
